0,1,2,3,4,5,6,7
0.26883336504632616,2.504546549072377,34.782739671885295,10-01-2006,0.4156416873996127,1.5505043437685584,21.672257319093752,11-01-2006
0.4156416873996127,1.5505043437685584,21.672257319093752,11-01-2006,0.5474143197303338,0.9519102944174935,14.870961190049577,12-01-2006
0.5474143197303338,0.9519102944174935,14.870961190049577,12-01-2006,2.1098592978239084,5.652186790102673,3.8450343916433187,17-01-2006
2.1098592978239084,5.652186790102673,3.8450343916433187,17-01-2006,1.241182343085065,0.8566196241608615,8.502085632660764,18-01-2006
1.241182343085065,0.8566196241608615,8.502085632660764,18-01-2006,0.41069555417011366,0.7721881891215564,3.7372878610956586,19-01-2006
0.41069555417011366,0.7721881891215564,3.7372878610956586,19-01-2006,0.4551748802127486,0.5311523687446353,2.7991619840494875,20-01-2006
0.4551748802127486,0.5311523687446353,2.7991619840494875,20-01-2006,0.7819416571168891,0.3938167680140915,3.6851325708529004,21-01-2006
0.7819416571168891,0.3938167680140915,3.6851325708529004,21-01-2006,0.8211669220729456,0.4237084972036347,4.308428444478521,22-01-2006
0.8211669220729456,0.4237084972036347,4.308428444478521,22-01-2006,0.8937033999629603,1.0935399208306953,9.434700386868563,23-01-2006
0.8937033999629603,1.0935399208306953,9.434700386868563,23-01-2006,1.0066637936466505,1.8686939489803807,18.54031252515111,24-01-2006
1.0066637936466505,1.8686939489803807,18.54031252515111,24-01-2006,0.998234618766458,2.4923195398432236,23.027866120831433,25-01-2006
0.998234618766458,2.4923195398432236,23.027866120831433,25-01-2006,1.1092359642695042,3.2762960088873267,20.656269295466778,26-01-2006
1.1092359642695042,3.2762960088873267,20.656269295466778,26-01-2006,0.492537079992526,0.8015522521338053,17.783888048847277,27-01-2006
0.492537079992526,0.8015522521338053,17.783888048847277,27-01-2006,0.4947152520566608,0.8003758807071115,12.592589323283669,28-01-2006
0.4947152520566608,0.8003758807071115,12.592589323283669,28-01-2006,0.6775846883974546,0.6550699640099708,8.072127576028105,29-01-2006
0.6775846883974546,0.6550699640099708,8.072127576028105,29-01-2006,0.7452354169729237,0.576488392848103,5.885949052758568,30-01-2006
0.7452354169729237,0.576488392848103,5.885949052758568,30-01-2006,0.6798712010372477,0.46273252231821327,3.3552000602964194,31-01-2006
0.6798712010372477,0.46273252231821327,3.3552000602964194,31-01-2006,0.26883336504632616,2.504546549072377,34.782739671885295,02-02-2006
1.7626263712213763,3.3203077387182525,2.070457049874413,02-02-2006,1.2377964942756163,1.9662671220698353,5.091082024235528,03-02-2006
1.2377964942756163,1.9662671220698353,5.091082024235528,03-02-2006,1.1185107912192906,1.968866379498587,3.8667054930968208,04-02-2006
1.1185107912192906,1.968866379498587,3.8667054930968208,04-02-2006,0.5982925002152836,0.6727105173935601,7.332449412513792,05-02-2006
0.5982925002152836,0.6727105173935601,7.332449412513792,05-02-2006,0.7178675818194552,0.6778412483595492,12.284991150409498,06-02-2006
0.7178675818194552,0.6778412483595492,12.284991150409498,06-02-2006,0.7058102804778603,0.36778229454387434,3.7910717906219453,07-02-2006
0.7058102804778603,0.36778229454387434,3.7910717906219453,07-02-2006,0.40458310150300997,0.6807526652893243,4.288192032365215,08-02-2006
0.40458310150300997,0.6807526652893243,4.288192032365215,08-02-2006,0.18671256002015135,1.2397558869474736,9.27165287871427,09-02-2006
0.18671256002015135,1.2397558869474736,9.27165287871427,09-02-2006,0.3236751856918047,0.8644338527173376,11.501844996420704,10-02-2006
0.3236751856918047,0.8644338527173376,11.501844996420704,10-02-2006,0.5994542332077292,0.7338772592531844,9.820371510176157,11-02-2006
0.5994542332077292,0.7338772592531844,9.820371510176157,11-02-2006,0.9001002690696264,1.0651910253057322,14.306901259946239,12-02-2006
0.9001002690696264,1.0651910253057322,14.306901259946239,12-02-2006,0.5938970416175544,0.8868826874574638,11.509529732748215,13-02-2006
0.5938970416175544,0.8868826874574638,11.509529732748215,13-02-2006,0.3692908374043755,2.009297652917149,23.387179154265173,17-02-2006
0.3692908374043755,2.009297652917149,23.387179154265173,17-02-2006,1.1763251027653394,1.3584953975382004,7.957895300214795,18-02-2006
1.1763251027653394,1.3584953975382004,7.957895300214795,18-02-2006,1.3913301336346622,1.048335707257983,10.338498166318214,21-02-2006
1.3913301336346622,1.048335707257983,10.338498166318214,21-02-2006,1.124551861471259,1.0223486758765363,8.96342051941515,22-02-2006
1.124551861471259,1.0223486758765363,8.96342051941515,22-02-2006,0.47084457312058237,0.47658957586479916,6.395382951410526,23-02-2006
0.47084457312058237,0.47658957586479916,6.395382951410526,23-02-2006,0.574407570057649,0.7948715795346362,4.048548956546165,24-02-2006
0.574407570057649,0.7948715795346362,4.048548956546165,24-02-2006,0.5616982802456228,0.7457430531133418,2.5835219937525027,25-02-2006
0.5616982802456228,0.7457430531133418,2.5835219937525027,25-02-2006,0.8328445138092496,0.6715867501869257,2.4439427181184583,26-02-2006
0.8328445138092496,0.6715867501869257,2.4439427181184583,26-02-2006,1.3512641536447754,1.606951562925488,2.088820581986794,27-02-2006
1.3512641536447754,1.606951562925488,2.088820581986794,27-02-2006,1.7626263712213763,3.3203077387182525,2.070457049874413,28-02-2006
1.061547871352527,1.2305904642941505,2.7213285545404733,28-02-2006,1.061547871352527,1.2305904642941505,2.7213285545404733,01-03-2006
0.03453781876186574,1.3584531457654667,23.97851575704535,01-03-2006,0.03453781876186574,1.3584531457654667,23.97851575704535,03-03-2006
0.08538121570296121,0.9976166110991348,18.961927358350593,03-03-2006,0.08538121570296121,0.9976166110991348,18.961927358350593,04-03-2006
0.059698519555387464,0.5745935872245386,12.195352343628546,04-03-2006,0.059698519555387464,0.5745935872245386,12.195352343628546,05-03-2006
0.16956271527886074,0.47192542775712293,4.814410302331072,05-03-2006,0.16956271527886074,0.47192542775712293,4.814410302331072,06-03-2006
0.5727383410908049,0.6835704779404697,4.051844625814373,06-03-2006,0.5727383410908049,0.6835704779404697,4.051844625814373,14-03-2006
0.23884861593341217,0.5677906103845661,1.8978387778488777,14-03-2006,0.23884861593341217,0.5677906103845661,1.8978387778488777,16-03-2006
0.25238803351660605,0.5268068936753392,2.881895063938628,16-03-2006,0.25238803351660605,0.5268068936753392,2.881895063938628,18-03-2006
0.1761258900557827,0.296882544287821,4.730206818980124,18-03-2006,0.1761258900557827,0.296882544287821,4.730206818980124,19-03-2006
0.513663867484857,1.081051072852012,7.050617043956658,19-03-2006,0.513663867484857,1.081051072852012,7.050617043956658,20-03-2006
0.41468274488973245,1.204353539635499,16.93951958788946,20-03-2006,0.41468274488973245,1.204353539635499,16.93951958788946,21-03-2006
0.3441381944783487,2.4616184045510856,23.36270244176329,21-03-2006,0.3441381944783487,2.4616184045510856,23.36270244176329,22-03-2006
0.07628083029291509,3.2223419615187114,38.065518993727295,22-03-2006,0.07628083029291509,3.2223419615187114,38.065518993727295,29-03-2006
0.07567079208648123,2.31568649723942,18.394178370557636,29-03-2006,0.07567079208648123,2.31568649723942,18.394178370557636,30-03-2006
-0.5697113468882686,4.565536408958527,62.77292202249558,30-03-2006,-0.5697113468882686,4.565536408958527,62.77292202249558,31-03-2006
-0.16063136599111263,2.5783518223488544,39.005765448481526,31-03-2006,-0.16063136599111263,2.5783518223488544,39.005765448481526,01-04-2006
1.307573444598229,1.5728010270438284,17.417865496700838,01-04-2006,0.6498876126368596,0.5275678641931241,30.722281455927817,02-04-2006
0.6498876126368596,0.5275678641931241,30.722281455927817,02-04-2006,1.6239672715301101,4.359202423498328,33.80126675917463,03-04-2006
1.6239672715301101,4.359202423498328,33.80126675917463,03-04-2006,0.7409434013966851,0.24555547882760576,19.716803988168564,10-04-2006
0.7409434013966851,0.24555547882760576,19.716803988168564,10-04-2006,0.33118986890365765,0.17837066715226282,2.7795556951423555,12-04-2006
0.33118986890365765,0.17837066715226282,2.7795556951423555,12-04-2006,0.48937061692711564,0.21889071383484612,2.3980635462506252,13-04-2006
0.48937061692711564,0.21889071383484612,2.3980635462506252,13-04-2006,1.307573444598229,1.5728010270438284,17.417865496700838,14-04-2006
0.7030308718595509,0.5657271565776197,32.287831134349176,14-04-2006,0.7030308718595509,0.5657271565776197,32.287831134349176,15-04-2006
0.16716281940863598,0.13531471791043645,3.897835446945557,15-04-2006,0.16716281940863598,0.13531471791043645,3.897835446945557,16-04-2006
0.734793173463405,0.44681742721305884,29.001880487001394,16-04-2006,0.734793173463405,0.44681742721305884,29.001880487001394,22-04-2006
0.8971035141049537,0.5990202950616329,34.52241695609342,22-04-2006,0.8971035141049537,0.5990202950616329,34.52241695609342,27-04-2006
0.7486400493806368,0.348226318037377,30.59065017456034,27-04-2006,0.7486400493806368,0.348226318037377,30.59065017456034,04-05-2006
0.5845912408398559,1.6879620119516798,36.76832024353826,04-05-2006,0.27972905140224824,1.0546317331271546,36.34495284602451,05-05-2006
0.27972905140224824,1.0546317331271546,36.34495284602451,05-05-2006,0.4603283871904105,1.0851498890397286,38.03364824460074,06-05-2006
0.4603283871904105,1.0851498890397286,38.03364824460074,06-05-2006,0.634840327626979,1.119627712882207,28.237988830165815,07-05-2006
0.634840327626979,1.119627712882207,28.237988830165815,07-05-2006,1.4555285845444863,4.478666892381265,49.96693978906969,08-05-2006
1.4555285845444863,4.478666892381265,49.96693978906969,08-05-2006,1.2143488929228416,1.946057972671472,42.36198814139991,09-05-2006
1.2143488929228416,1.946057972671472,42.36198814139991,09-05-2006,1.8651063060841397,6.5789763588832555,57.06688551464317,10-05-2006
1.8651063060841397,6.5789763588832555,57.06688551464317,10-05-2006,1.0525363226352022,1.9609869830382893,45.92705909699911,11-05-2006
1.0525363226352022,1.9609869830382893,45.92705909699911,11-05-2006,1.69490178309488,6.222412213939727,56.61129110123914,12-05-2006
1.69490178309488,6.222412213939727,56.61129110123914,12-05-2006,0.8899133790480048,3.3599153632939043,46.266487486760305,13-05-2006
0.8899133790480048,3.3599153632939043,46.266487486760305,13-05-2006,0.8976256846906192,2.1536512223880147,35.21486273568611,14-05-2006
0.8976256846906192,2.1536512223880147,35.21486273568611,14-05-2006,0.5892215898775871,0.46334499727735545,19.610152898678088,15-05-2006
0.5892215898775871,0.46334499727735545,19.610152898678088,15-05-2006,0.7117712655860181,0.7376229740843925,17.368949202682774,16-05-2006
0.7117712655860181,0.7376229740843925,17.368949202682774,16-05-2006,0.7271289502059611,0.6477744948623089,20.35091812393123,17-05-2006
0.7271289502059611,0.6477744948623089,20.35091812393123,17-05-2006,0.7493915937699543,1.2092665338616135,29.511200041157956,19-05-2006
0.7493915937699543,1.2092665338616135,29.511200041157956,19-05-2006,0.9355343373884962,3.8677889692436946,41.684412740049645,20-05-2006
0.9355343373884962,3.8677889692436946,41.684412740049645,20-05-2006,0.8933956772619142,2.7846829345861437,47.30874865615373,21-05-2006
0.8933956772619142,2.7846829345861437,47.30874865615373,21-05-2006,0.8212363546735245,1.0452061115794775,41.63850776165656,22-05-2006
0.8212363546735245,1.0452061115794775,41.63850776165656,22-05-2006,0.8558230211096092,1.7380636459859273,46.64542743105932,23-05-2006
0.8558230211096092,1.7380636459859273,46.64542743105932,23-05-2006,0.771700247266726,2.697991318939879,47.107904935231595,25-05-2006
0.771700247266726,2.697991318939879,47.107904935231595,25-05-2006,0.96187182390018,3.088844646334618,49.743914676108574,26-05-2006
0.96187182390018,3.088844646334618,49.743914676108574,26-05-2006,1.0231124103228235,3.1333094472986613,44.39131263516865,27-05-2006
1.0231124103228235,3.1333094472986613,44.39131263516865,27-05-2006,0.5845912408398559,1.6879620119516798,36.76832024353826,28-05-2006
0.6144263330275946,0.8293884816921455,38.14786404911144,28-05-2006,0.6144263330275946,0.8293884816921455,38.14786404911144,29-05-2006
0.8063449150933417,1.454041227929517,42.19523573135307,29-05-2006,0.8063449150933417,1.454041227929517,42.19523573135307,30-05-2006
0.6566353028355533,0.30515345861969034,24.180872912493736,30-05-2006,0.6566353028355533,0.30515345861969034,24.180872912493736,31-05-2006
0.5936443771680239,0.46934550444076467,29.34775196361156,31-05-2006,0.5936443771680239,0.46934550444076467,29.34775196361156,01-06-2006
-0.7495479784476611,0.707140256790499,37.52700791115231,01-06-2006,-0.7495479784476611,0.707140256790499,37.52700791115231,02-06-2006
-0.4471620142350173,0.6986770663033195,32.54235484824385,02-06-2006,-0.4471620142350173,0.6986770663033195,32.54235484824385,03-06-2006
-0.715856982158731,0.8676127003543354,41.8122685277951,03-06-2006,-0.715856982158731,0.8676127003543354,41.8122685277951,04-06-2006
-0.701842193461769,1.06279217243263,37.09007915236191,04-06-2006,-0.701842193461769,1.06279217243263,37.09007915236191,05-06-2006
-1.038436105587295,0.7011199398377626,36.99173821420909,05-06-2006,-1.038436105587295,0.7011199398377626,36.99173821420909,06-06-2006
-1.2510013547162269,0.33997147099343406,39.97596073454019,06-06-2006,-1.2510013547162269,0.33997147099343406,39.97596073454019,14-06-2006
-1.1174746568691942,0.5923777387820324,37.64615151850552,14-06-2006,-1.1174746568691942,0.5923777387820324,37.64615151850552,16-06-2006
-0.9030845541683926,2.0036949811728926,34.28155972160008,16-06-2006,-0.9030845541683926,2.0036949811728926,34.28155972160008,17-06-2006
-0.3988282640478093,4.7479907983010685,25.75552844421247,17-06-2006,-0.3988282640478093,4.7479907983010685,25.75552844421247,18-06-2006
-0.9793329039159552,1.9631304310597395,30.339039900390546,18-06-2006,-0.9793329039159552,1.9631304310597395,30.339039900390546,19-06-2006
-1.100132344891253,0.940679817114243,25.52352874065365,19-06-2006,-1.100132344891253,0.940679817114243,25.52352874065365,20-06-2006
-1.0768391342581998,0.9808930907812923,22.554902692042273,20-06-2006,-1.0768391342581998,0.9808930907812923,22.554902692042273,21-06-2006
-1.1659936147049688,0.4388945053048401,25.973274685669313,21-06-2006,-1.1659936147049688,0.4388945053048401,25.973274685669313,22-06-2006
-1.2397114687076314,0.14198644944499095,31.08923419441589,22-06-2006,-1.2397114687076314,0.14198644944499095,31.08923419441589,23-06-2006
0.042243009597432234,1.5331909062872129,30.696532858716402,23-06-2006,0.042243009597432234,1.5331909062872129,30.696532858716402,24-06-2006
0.3064295429630145,2.2829620944346414,33.36407492874722,24-06-2006,0.3064295429630145,2.2829620944346414,33.36407492874722,25-06-2006
0.29759621060879227,1.938684202047107,29.753857112483683,25-06-2006,0.29759621060879227,1.938684202047107,29.753857112483683,26-06-2006
0.5207030867634227,0.9848842399483105,12.908707061426597,26-06-2006,0.5207030867634227,0.9848842399483105,12.908707061426597,27-06-2006
0.2318962327116757,0.7721595122088796,3.184304559233754,27-06-2006,0.2318962327116757,0.7721595122088796,3.184304559233754,28-06-2006
0.6902477223978356,3.4864983084816137,44.669320536168875,28-06-2006,0.6902477223978356,3.4864983084816137,44.669320536168875,29-06-2006
-0.6980537234473753,0.3223543813536537,26.601295018897304,29-06-2006,-0.6980537234473753,0.3223543813536537,26.601295018897304,30-06-2006
-0.8480698105145325,0.7283718396586292,37.9646813536982,30-06-2006,-0.8480698105145325,0.7283718396586292,37.9646813536982,01-07-2006
-1.0015055853917745,0.3077274769136431,21.168140419505978,01-07-2006,-1.2644004488973397,0.45230370617100824,25.087615406339104,02-07-2006
-1.2644004488973397,0.45230370617100824,25.087615406339104,02-07-2006,-1.1871631492819286,0.7103363967270393,19.619746354054158,03-07-2006
-1.1871631492819286,0.7103363967270393,19.619746354054158,03-07-2006,-1.1782029681047401,0.9348475469737172,44.984778533685386,06-07-2006
-1.1782029681047401,0.9348475469737172,44.984778533685386,06-07-2006,-0.9663106043507305,0.6486603378797299,39.578772920659716,07-07-2006
-0.9663106043507305,0.6486603378797299,39.578772920659716,07-07-2006,-0.7907892189177405,0.5402537745006266,35.026790295398364,08-07-2006
-0.7907892189177405,0.5402537745006266,35.026790295398364,08-07-2006,-0.754602212042828,0.8600056538417398,39.428187426686364,09-07-2006
-0.754602212042828,0.8600056538417398,39.428187426686364,09-07-2006,-0.5819556139847355,1.1763858004100236,39.1240683559399,10-07-2006
-0.5819556139847355,1.1763858004100236,39.1240683559399,10-07-2006,-0.21874877732306655,1.6422777793405015,30.144156305519243,11-07-2006
-0.21874877732306655,1.6422777793405015,30.144156305519243,11-07-2006,-0.6420831678158053,1.3517478298291783,41.489734321478885,12-07-2006
-0.6420831678158053,1.3517478298291783,41.489734321478885,12-07-2006,-0.7310024878964793,1.5574444624073598,45.23774116761247,13-07-2006
-0.7310024878964793,1.5574444624073598,45.23774116761247,13-07-2006,-0.7219547336237082,1.2482416356064552,42.76989640630937,14-07-2006
-0.7219547336237082,1.2482416356064552,42.76989640630937,14-07-2006,-1.0231893609094098,0.4221043664299924,34.06801209825218,15-07-2006
-1.0231893609094098,0.4221043664299924,34.06801209825218,15-07-2006,-0.9928866030222417,0.5648021018169737,29.976223993411743,16-07-2006
-0.9928866030222417,0.5648021018169737,29.976223993411743,16-07-2006,-1.2915717069290509,0.23737047168400482,37.261705137794216,17-07-2006
-1.2915717069290509,0.23737047168400482,37.261705137794216,17-07-2006,-1.106124474790947,0.280516425048585,34.914960322892455,19-07-2006
-1.106124474790947,0.280516425048585,34.914960322892455,19-07-2006,-1.0644749343166464,0.6446544945373103,36.38175651646005,20-07-2006
-1.0644749343166464,0.6446544945373103,36.38175651646005,20-07-2006,-0.7598064692218843,0.20864696522740733,25.089665129024215,21-07-2006
-0.7598064692218843,0.20864696522740733,25.089665129024215,21-07-2006,-0.6312293277730097,0.2531108170889047,20.213518386136325,22-07-2006
-0.6312293277730097,0.2531108170889047,20.213518386136325,22-07-2006,-0.4699471942323436,0.6230622625405798,21.50516985555891,23-07-2006
-0.4699471942323436,0.6230622625405798,21.50516985555891,23-07-2006,-0.7543761369427819,0.5184346832875147,23.969024746570945,24-07-2006
-0.7543761369427819,0.5184346832875147,23.969024746570945,24-07-2006,-0.8467357797768696,0.4006099039823484,25.150651514756678,25-07-2006
-0.8467357797768696,0.4006099039823484,25.150651514756678,25-07-2006,-0.9427098480563126,0.3169149265622476,22.764917318064565,26-07-2006
-0.9427098480563126,0.3169149265622476,22.764917318064565,26-07-2006,-1.0015055853917745,0.3077274769136431,21.168140419505978,27-07-2006
-1.3372025984426696,0.6315475159344297,29.168425994338733,27-07-2006,-1.3372025984426696,0.6315475159344297,29.168425994338733,28-07-2006
-1.2199404863225627,0.2504987602262414,32.04224474766861,28-07-2006,-1.2199404863225627,0.2504987602262414,32.04224474766861,29-07-2006
-1.3739792444532009,0.47236290981647056,31.642309809985058,29-07-2006,-1.3739792444532009,0.47236290981647056,31.642309809985058,30-07-2006
-1.2967988111829722,0.6041088982480947,41.87669884191847,30-07-2006,-1.2967988111829722,0.6041088982480947,41.87669884191847,31-07-2006
-1.370862663315323,0.7138345427277519,41.979474105203806,31-07-2006,-1.370862663315323,0.7138345427277519,41.979474105203806,01-08-2006
-1.011279817744265,1.19569494527898,50.14862394937018,01-08-2006,-1.3578055670905378,0.7825205382863725,48.47493293716154,02-08-2006
-1.3578055670905378,0.7825205382863725,48.47493293716154,02-08-2006,-1.1108321763362992,0.7879432809655471,47.09687390725086,05-08-2006
-1.1108321763362992,0.7879432809655471,47.09687390725086,05-08-2006,-1.09309892709523,0.942238765326955,49.4275912086323,06-08-2006
-1.09309892709523,0.942238765326955,49.4275912086323,06-08-2006,-1.2001736865023604,0.7856189969163154,47.739567998352925,07-08-2006
-1.2001736865023604,0.7856189969163154,47.739567998352925,07-08-2006,-1.1229519747864394,0.6919475896343887,46.067319315393426,08-08-2006
-1.1229519747864394,0.6919475896343887,46.067319315393426,08-08-2006,-1.1788977528423508,0.8482831530537949,48.26285794008301,09-08-2006
-1.1788977528423508,0.8482831530537949,48.26285794008301,09-08-2006,-0.9777355974788805,1.0440352326198232,48.324625181131715,10-08-2006
-0.9777355974788805,1.0440352326198232,48.324625181131715,10-08-2006,-0.7884743432328237,1.2507145754117703,49.3766631915163,11-08-2006
-0.7884743432328237,1.2507145754117703,49.3766631915163,11-08-2006,-0.8234798149226221,0.9718451986957088,37.898525992529834,12-08-2006
-0.8234798149226221,0.9718451986957088,37.898525992529834,12-08-2006,-1.1076716103706752,0.8141466208045454,44.190167682367374,13-08-2006
-1.1076716103706752,0.8141466208045454,44.190167682367374,13-08-2006,-1.4347796608751737,0.6643890974893707,46.85066639485296,14-08-2006
-1.4347796608751737,0.6643890974893707,46.85066639485296,14-08-2006,-1.5073913235298038,0.6425515149349654,51.921364632078564,15-08-2006
-1.5073913235298038,0.6425515149349654,51.921364632078564,15-08-2006,-1.421823947202322,0.5344019419790444,46.31260107005703,16-08-2006
-1.421823947202322,0.5344019419790444,46.31260107005703,16-08-2006,-0.8060352878554727,0.8478455574073728,38.57865755281596,17-08-2006
-0.8060352878554727,0.8478455574073728,38.57865755281596,17-08-2006,-0.6284166131743716,1.1506686898616052,42.88479555953879,18-08-2006
-0.6284166131743716,1.1506686898616052,42.88479555953879,18-08-2006,-0.8760752494914917,0.9938468719865486,45.83564628913903,19-08-2006
-0.8760752494914917,0.9938468719865486,45.83564628913903,19-08-2006,-0.9353502056570621,0.8939148573113129,45.319658132508074,20-08-2006
-0.9353502056570621,0.8939148573113129,45.319658132508074,20-08-2006,-0.9812246526807774,1.1298389861683176,48.851981421117024,22-08-2006
-0.9812246526807774,1.1298389861683176,48.851981421117024,22-08-2006,-0.9811964137200835,1.2078351032773698,51.928283318463194,23-08-2006
-0.9811964137200835,1.2078351032773698,51.928283318463194,23-08-2006,-1.011279817744265,1.19569494527898,50.14862394937018,26-08-2006
-1.0029924142326787,0.9440028825612388,43.10004761206112,26-08-2006,-1.0029924142326787,0.9440028825612388,43.10004761206112,27-08-2006
-0.823230223968821,0.6487860931225946,36.83151398051258,27-08-2006,-0.823230223968821,0.6487860931225946,36.83151398051258,29-08-2006
-1.0890717705252129,0.837786600690321,48.83420683967199,29-08-2006,-1.0890717705252129,0.837786600690321,48.83420683967199,30-08-2006
-0.8348614992353738,1.4523946757836315,48.29889078420139,30-08-2006,-0.8348614992353738,1.4523946757836315,48.29889078420139,31-08-2006
-0.9817035668960896,0.9685199368811653,48.760963870769125,31-08-2006,-0.9817035668960896,0.9685199368811653,48.760963870769125,01-09-2006
-1.3190904802115113,0.3847013545674083,37.97110483033255,01-09-2006,-1.3372312609850996,0.449787033350177,31.691506065040624,02-09-2006
-1.3372312609850996,0.449787033350177,31.691506065040624,02-09-2006,-1.253287168506133,0.6852351451862881,26.060393030211266,03-09-2006
-1.253287168506133,0.6852351451862881,26.060393030211266,03-09-2006,-0.9236621683954054,10.047847794073679,9.86219850545918,04-09-2006
-0.9236621683954054,10.047847794073679,9.86219850545918,04-09-2006,-1.674196756608077,4.302629704733619,24.340842467611875,05-09-2006
-1.674196756608077,4.302629704733619,24.340842467611875,05-09-2006,-2.024895196835943,2.1888414912937186,33.60462453236857,06-09-2006
-2.024895196835943,2.1888414912937186,33.60462453236857,06-09-2006,-1.5455023929777063,1.5206463535415655,34.009922870404985,09-09-2006
-1.5455023929777063,1.5206463535415655,34.009922870404985,09-09-2006,-1.4991072215028414,3.3617555341477448,26.88305255278231,10-09-2006
-1.4991072215028414,3.3617555341477448,26.88305255278231,10-09-2006,-0.9209286884317609,18.654603927462443,23.841531011476835,11-09-2006
-0.9209286884317609,18.654603927462443,23.841531011476835,11-09-2006,-1.9532381769106417,2.505936853415406,22.784630727674116,12-09-2006
-1.9532381769106417,2.505936853415406,22.784630727674116,12-09-2006,-1.6097364332848934,3.6819215961322875,14.364092892137606,16-09-2006
-1.6097364332848934,3.6819215961322875,14.364092892137606,16-09-2006,-1.023120359831945,12.84672439787475,21.537488155676712,17-09-2006
-1.023120359831945,12.84672439787475,21.537488155676712,17-09-2006,-1.5287522954442219,10.450220518366606,12.316862981767468,18-09-2006
-1.5287522954442219,10.450220518366606,12.316862981767468,18-09-2006,-1.0593026400585142,4.536699674916055,10.180302164614428,19-09-2006
-1.0593026400585142,4.536699674916055,10.180302164614428,19-09-2006,-0.9396645763243545,2.526050979673308,13.209371279051133,20-09-2006
-0.9396645763243545,2.526050979673308,13.209371279051133,20-09-2006,-0.48682914782593384,7.875221907688346,11.92698646760809,21-09-2006
-0.48682914782593384,7.875221907688346,11.92698646760809,21-09-2006,-1.4290178632812602,0.5586870495860352,49.54178097802793,22-09-2006
-1.4290178632812602,0.5586870495860352,49.54178097802793,22-09-2006,-1.7376690687631255,0.35937952652952365,48.170359882607286,23-09-2006
-1.7376690687631255,0.35937952652952365,48.170359882607286,23-09-2006,-1.5814631357064082,0.44630917527110503,47.99981455457614,24-09-2006
-1.5814631357064082,0.44630917527110503,47.99981455457614,24-09-2006,-1.6739146990630813,0.3759242598162129,49.64135054824126,25-09-2006
-1.6739146990630813,0.3759242598162129,49.64135054824126,25-09-2006,-1.6105725952347696,0.4051387959339747,47.94763490383944,26-09-2006
-1.6105725952347696,0.4051387959339747,47.94763490383944,26-09-2006,-1.3466107214253102,0.4551139557322308,31.219738388353843,28-09-2006
-1.3466107214253102,0.4551139557322308,31.219738388353843,28-09-2006,-1.3190904802115113,0.3847013545674083,37.97110483033255,29-09-2006
-1.1554591312992608,0.8956149389140471,43.76903490640317,29-09-2006,-1.1554591312992608,0.8956149389140471,43.76903490640317,30-09-2006
-1.03449735130099,10.807156496654738,14.835668288433514,30-09-2006,-1.03449735130099,10.807156496654738,14.835668288433514,01-10-2006
0.12164539452757926,1.1199430428124408,15.335821563134823,01-10-2006,0.12164539452757926,1.1199430428124408,15.335821563134823,02-10-2006
0.7421349869028577,5.109079459056253,29.280523014962302,02-10-2006,0.7421349869028577,5.109079459056253,29.280523014962302,03-10-2006
0.31128393192802895,14.595480300413888,38.27531494086853,03-10-2006,0.31128393192802895,14.595480300413888,38.27531494086853,04-10-2006
-0.2981803929889051,1.5246275979164596,11.944792174881336,04-10-2006,-0.2981803929889051,1.5246275979164596,11.944792174881336,05-10-2006
-0.2953938641812218,1.4877685940208902,20.70914273889883,05-10-2006,-0.2953938641812218,1.4877685940208902,20.70914273889883,06-10-2006
-0.4214949369911465,1.414509641393621,20.241791250207715,06-10-2006,-0.4214949369911465,1.414509641393621,20.241791250207715,07-10-2006
-0.3241002227169223,2.578616812224918,30.481984819719713,07-10-2006,-0.3241002227169223,2.578616812224918,30.481984819719713,08-10-2006
-0.08374567354879815,4.814493727031259,45.4625785937285,08-10-2006,-0.08374567354879815,4.814493727031259,45.4625785937285,11-10-2006
-0.0012894949692775553,2.653830126707414,22.33005176508987,11-10-2006,-0.0012894949692775553,2.653830126707414,22.33005176508987,12-10-2006
0.7131307393131702,12.080777886259087,39.07295117110937,12-10-2006,0.7131307393131702,12.080777886259087,39.07295117110937,13-10-2006
-0.10583966833548782,1.8646257037602991,25.35346082727608,13-10-2006,-0.10583966833548782,1.8646257037602991,25.35346082727608,14-10-2006
-0.4036732486626951,0.8503855275549373,8.897417111410258,14-10-2006,-0.4036732486626951,0.8503855275549373,8.897417111410258,15-10-2006
-0.5921804618961131,1.1643108644909332,7.611533529211133,15-10-2006,-0.5921804618961131,1.1643108644909332,7.611533529211133,16-10-2006
-0.6054639825189984,2.4088044239517945,12.634775879533398,16-10-2006,-0.6054639825189984,2.4088044239517945,12.634775879533398,17-10-2006
-0.4360911614416017,4.286833730540385,22.909510188877885,17-10-2006,-0.4360911614416017,4.286833730540385,22.909510188877885,18-10-2006
-1.0473075377899645,3.308649548455761,11.226039359978264,18-10-2006,-1.0473075377899645,3.308649548455761,11.226039359978264,19-10-2006
0.11900325756804489,12.840848872018228,26.916196850977272,19-10-2006,0.11900325756804489,12.840848872018228,26.916196850977272,20-10-2006
0.04539654941565918,4.273460478311264,20.43065843214154,20-10-2006,0.04539654941565918,4.273460478311264,20.43065843214154,21-10-2006
-0.3827448000420037,5.143099808524111,19.317161858932103,21-10-2006,-0.3827448000420037,5.143099808524111,19.317161858932103,23-10-2006
-0.32561594387452,6.419792990977394,24.59396438328544,23-10-2006,-0.32561594387452,6.419792990977394,24.59396438328544,24-10-2006
-0.3825010217085925,7.769817483349523,23.53389909688662,24-10-2006,-0.3825010217085925,7.769817483349523,23.53389909688662,25-10-2006
-0.4399347922942776,6.92194356957701,26.120569832568307,25-10-2006,-0.4399347922942776,6.92194356957701,26.120569832568307,26-10-2006
0.6280504280249938,4.771387708584101,39.055747426816275,26-10-2006,0.6280504280249938,4.771387708584101,39.055747426816275,27-10-2006
-0.36804600896134737,8.989504444843448,6.991752560119207,27-10-2006,-0.36804600896134737,8.989504444843448,6.991752560119207,28-10-2006
0.2597544235172349,3.982010289473878,40.377090814823745,28-10-2006,0.2597544235172349,3.982010289473878,40.377090814823745,29-10-2006
0.3445385098261334,8.736881365391064,46.3604752045618,29-10-2006,0.3445385098261334,8.736881365391064,46.3604752045618,30-10-2006
-0.07184726203023799,2.1948901245672316,34.62194533365591,30-10-2006,-0.07184726203023799,2.1948901245672316,34.62194533365591,01-11-2006
0.5940004758282393,5.604418173015399,25.15046459219773,01-11-2006,0.29186940379259957,2.628463960811645,24.322893072981802,02-11-2006
0.29186940379259957,2.628463960811645,24.322893072981802,02-11-2006,0.3393389210748672,3.005498054435355,22.156876376263657,04-11-2006
0.3393389210748672,3.005498054435355,22.156876376263657,04-11-2006,-0.29785311479034654,1.6565802174631177,16.92387293066336,05-11-2006
-0.29785311479034654,1.6565802174631177,16.92387293066336,05-11-2006,0.06358370045769898,2.3858814015736893,28.541847618332827,06-11-2006
0.06358370045769898,2.3858814015736893,28.541847618332827,06-11-2006,-0.22014499226147644,2.4521840457240716,26.641683084817505,07-11-2006
-0.22014499226147644,2.4521840457240716,26.641683084817505,07-11-2006,-0.2164154426170739,2.819774150336837,30.427000326346555,08-11-2006
-0.2164154426170739,2.819774150336837,30.427000326346555,08-11-2006,-0.4261732322347293,2.469264721945828,30.6739172611279,09-11-2006
-0.4261732322347293,2.469264721945828,30.6739172611279,09-11-2006,0.09360660906347054,2.977495864905793,37.8842472593672,10-11-2006
0.09360660906347054,2.977495864905793,37.8842472593672,10-11-2006,0.4829905881646649,3.056285964366223,40.76222458762119,11-11-2006
0.4829905881646649,3.056285964366223,40.76222458762119,11-11-2006,-0.6706496260063043,0.806453707252555,5.1082478405626475,12-11-2006
-0.6706496260063043,0.806453707252555,5.1082478405626475,12-11-2006,-0.3461674839741137,0.827460159643871,6.472885327157896,13-11-2006
-0.3461674839741137,0.827460159643871,6.472885327157896,13-11-2006,-0.40725301269582626,1.2041898448003077,18.463250399699213,14-11-2006
-0.40725301269582626,1.2041898448003077,18.463250399699213,14-11-2006,-0.32348686414737843,1.4356130403026754,22.391031625365894,15-11-2006
-0.32348686414737843,1.4356130403026754,22.391031625365894,15-11-2006,-0.32044939162941,2.3561795156974945,25.73941088639716,16-11-2006
-0.32044939162941,2.3561795156974945,25.73941088639716,16-11-2006,-0.3200077711731291,3.404326831702191,26.712349706865254,17-11-2006
-0.3200077711731291,3.404326831702191,26.712349706865254,17-11-2006,-0.17754972224168558,2.3991731457343954,17.527612585981842,18-11-2006
-0.17754972224168558,2.3991731457343954,17.527612585981842,18-11-2006,-0.10538054867579481,4.56119198163252,39.41719124799758,19-11-2006
-0.10538054867579481,4.56119198163252,39.41719124799758,19-11-2006,0.2912971344081519,7.596730199171508,48.72624951942031,20-11-2006
0.2912971344081519,7.596730199171508,48.72624951942031,20-11-2006,-0.03547671303351511,6.080864257312443,32.441958601569134,21-11-2006
-0.03547671303351511,6.080864257312443,32.441958601569134,21-11-2006,-0.04838954998106359,6.7519684485260605,35.91061423468302,22-11-2006
-0.04838954998106359,6.7519684485260605,35.91061423468302,22-11-2006,-0.2769054387635994,4.343888022113017,26.461633742054513,23-11-2006
-0.2769054387635994,4.343888022113017,26.461633742054513,23-11-2006,-0.4130589386618113,4.188422169459388,23.741482415524843,24-11-2006
-0.4130589386618113,4.188422169459388,23.741482415524843,24-11-2006,-0.0009314598611918844,6.237117175402024,20.92989012668012,25-11-2006
-0.0009314598611918844,6.237117175402024,20.92989012668012,25-11-2006,0.5940004758282393,5.604418173015399,25.15046459219773,26-11-2006
0.15558276431576493,2.1489517144477936,20.15163468155047,26-11-2006,0.15558276431576493,2.1489517144477936,20.15163468155047,27-11-2006
-0.12413163137734895,4.470366932052481,31.981142390052792,27-11-2006,-0.12413163137734895,4.470366932052481,31.981142390052792,28-11-2006
0.37328501438853784,2.035657121943659,24.909927925671543,28-11-2006,0.37328501438853784,2.035657121943659,24.909927925671543,29-11-2006
4.163755915891347,87.80762114664894,105.9847386450752,29-11-2006,4.163755915891347,87.80762114664894,105.9847386450752,30-11-2006
1.0493547172201387,6.713996875700214,40.19195652218488,30-11-2006,1.0493547172201387,6.713996875700214,40.19195652218488,01-12-2006
1.1314469548407922,5.625318631618628,14.38842448039458,01-12-2006,1.1314469548407922,5.625318631618628,14.38842448039458,02-12-2006
-0.15045062835518877,2.964773857799973,18.563012768872134,02-12-2006,-0.15045062835518877,2.964773857799973,18.563012768872134,03-12-2006
-0.08143189117203369,2.993775843468618,17.501062119494318,03-12-2006,-0.08143189117203369,2.993775843468618,17.501062119494318,04-12-2006
-0.10244546372785157,1.6154514164265448,14.351282111323027,04-12-2006,-0.10244546372785157,1.6154514164265448,14.351282111323027,09-12-2006
0.013087142113678694,0.6839486149580135,7.839749548867375,09-12-2006,0.013087142113678694,0.6839486149580135,7.839749548867375,11-12-2006
0.4613204515767676,0.5486222683510348,2.973091667261403,11-12-2006,0.4613204515767676,0.5486222683510348,2.973091667261403,13-12-2006
0.6288590898514962,1.0826613927305573,1.52473426309171,13-12-2006,0.6288590898514962,1.0826613927305573,1.52473426309171,14-12-2006
0.6942590312372872,0.8470474809902502,12.235531511212022,14-12-2006,0.6942590312372872,0.8470474809902502,12.235531511212022,16-12-2006
0.5440082246509181,1.2821544023013074,5.675883741521896,16-12-2006,0.5440082246509181,1.2821544023013074,5.675883741521896,17-12-2006
0.563632502757871,1.6301246891839947,12.228106096025027,17-12-2006,0.563632502757871,1.6301246891839947,12.228106096025027,18-12-2006
0.4844130167896886,2.196251875396232,15.138479746381583,18-12-2006,0.4844130167896886,2.196251875396232,15.138479746381583,19-12-2006
0.4509316014099065,2.138932033876504,14.733998093476051,19-12-2006,0.4509316014099065,2.138932033876504,14.733998093476051,20-12-2006
0.4443286126546083,2.0480412723474255,10.23060699722465,20-12-2006,0.4443286126546083,2.0480412723474255,10.23060699722465,21-12-2006
0.7183273826925258,0.8418374658708494,6.290108139771787,21-12-2006,0.7183273826925258,0.8418374658708494,6.290108139771787,22-12-2006
1.1396853119873493,0.2671184275283134,13.97753735572334,22-12-2006,1.1396853119873493,0.2671184275283134,13.97753735572334,23-12-2006
0.6915338414012884,0.5248077931062967,5.4086288559630855,23-12-2006,0.6915338414012884,0.5248077931062967,5.4086288559630855,24-12-2006
-0.10903459593265975,3.1355553120806747,10.745132142478322,24-12-2006,-0.10903459593265975,3.1355553120806747,10.745132142478322,25-12-2006
-0.19956576116894686,2.5148361123463063,14.835742578811544,25-12-2006,-0.19956576116894686,2.5148361123463063,14.835742578811544,26-12-2006
-0.03169333818987894,2.632985795913259,11.885748526064482,26-12-2006,-0.03169333818987894,2.632985795913259,11.885748526064482,27-12-2006
1.0079283749419938,5.946441397470345,9.145605406234129,27-12-2006,1.0079283749419938,5.946441397470345,9.145605406234129,28-12-2006
1.0248278721784998,2.373501239278019,11.097688984710716,28-12-2006,1.0248278721784998,2.373501239278019,11.097688984710716,29-12-2006
0.604178898733879,6.997963598074872,3.7346213187150097,29-12-2006,0.604178898733879,6.997963598074872,3.7346213187150097,30-12-2006
0.03631014201380706,3.2074562771140007,10.237405156746314,30-12-2006,0.03631014201380706,3.2074562771140007,10.237405156746314,31-12-2006
0.040691790222618006,3.191335131357418,21.023313450628063,31-12-2006,0.040691790222618006,3.191335131357418,21.023313450628063,01-01-2007
0.9251182848384523,0.4629724095408475,20.408348601130417,01-01-2007,1.1285434341842708,0.16425791210966922,27.59088375557291,02-01-2007
1.1285434341842708,0.16425791210966922,27.59088375557291,02-01-2007,1.0344747583918283,0.20748078773806378,29.30331797302247,03-01-2007
1.0344747583918283,0.20748078773806378,29.30331797302247,03-01-2007,0.6426501699973524,0.2602060269044983,16.802261238300098,04-01-2007
0.6426501699973524,0.2602060269044983,16.802261238300098,04-01-2007,0.6435284926873123,0.27184175374681696,17.647237913628803,05-01-2007
0.6435284926873123,0.27184175374681696,17.647237913628803,05-01-2007,0.7131812575947438,0.5014391637542828,26.64962786025884,06-01-2007
0.7131812575947438,0.5014391637542828,26.64962786025884,06-01-2007,0.9113520721935442,0.5870009534276832,40.594669953619885,07-01-2007
0.9113520721935442,0.5870009534276832,40.594669953619885,07-01-2007,1.0126735766543,0.8828136917561542,46.38419196717102,08-01-2007
1.0126735766543,0.8828136917561542,46.38419196717102,08-01-2007,1.0708773139208476,1.0216008896468802,50.678092687643954,09-01-2007
1.0708773139208476,1.0216008896468802,50.678092687643954,09-01-2007,1.7248013458851623,2.5525472004253724,45.63100385303535,10-01-2007
1.7248013458851623,2.5525472004253724,45.63100385303535,10-01-2007,1.0967585553720203,0.8291629052814318,41.90771025070291,11-01-2007
1.0967585553720203,0.8291629052814318,41.90771025070291,11-01-2007,1.0860453274877084,0.9726084761727785,50.41542597499362,12-01-2007
1.0860453274877084,0.9726084761727785,50.41542597499362,12-01-2007,1.8063061679801335,2.3984805160502374,59.099297083559804,14-01-2007
1.8063061679801335,2.3984805160502374,59.099297083559804,14-01-2007,1.8371415271747333,1.8200773255542835,53.75641522243766,15-01-2007
1.8371415271747333,1.8200773255542835,53.75641522243766,15-01-2007,1.8423291794481038,0.995814446920035,52.606666967929215,16-01-2007
1.8423291794481038,0.995814446920035,52.606666967929215,16-01-2007,1.7992288853964185,1.0703034933608029,44.67185653320927,17-01-2007
1.7992288853964185,1.0703034933608029,44.67185653320927,17-01-2007,1.6581543435836628,0.8739737885218748,38.47824296948096,18-01-2007
1.6581543435836628,0.8739737885218748,38.47824296948096,18-01-2007,0.43177959262792515,1.033840765641375,7.754226300648633,19-01-2007
0.43177959262792515,1.033840765641375,7.754226300648633,19-01-2007,0.4560254703949627,1.2304749574950198,4.515648718430996,20-01-2007
0.4560254703949627,1.2304749574950198,4.515648718430996,20-01-2007,0.8244720354820297,0.48347072568705396,1.923748685732163,21-01-2007
0.8244720354820297,0.48347072568705396,1.923748685732163,21-01-2007,0.7993294354493465,0.3785916385794632,2.6499504354388908,22-01-2007
0.7993294354493465,0.3785916385794632,2.6499504354388908,22-01-2007,0.652178093064914,0.4505390928218988,3.337505942119655,24-01-2007
0.652178093064914,0.4505390928218988,3.337505942119655,24-01-2007,0.5950903339235425,0.46933142385281507,6.090956417831495,25-01-2007
0.5950903339235425,0.46933142385281507,6.090956417831495,25-01-2007,0.4656621848882015,0.8785088953127823,6.624076805143149,26-01-2007
0.4656621848882015,0.8785088953127823,6.624076805143149,26-01-2007,0.8542916187130769,0.334425060959436,16.43472505629786,27-01-2007
0.8542916187130769,0.334425060959436,16.43472505629786,27-01-2007,0.9251182848384523,0.4629724095408475,20.408348601130417,28-01-2007
0.47982497455081,0.773151743849404,6.8945451203510215,28-01-2007,0.47982497455081,0.773151743849404,6.8945451203510215,29-01-2007
0.7334914812207798,0.24450959296870767,23.383265171715003,29-01-2007,0.7334914812207798,0.24450959296870767,23.383265171715003,30-01-2007
0.834153841914352,0.561083806538287,30.877527178562982,30-01-2007,0.834153841914352,0.561083806538287,30.877527178562982,31-01-2007
0.8522500231404889,0.27993634670922385,29.840213127039128,31-01-2007,0.8522500231404889,0.27993634670922385,29.840213127039128,01-02-2007
0.18144038670649296,2.9022134698268665,27.84109815949757,01-02-2007,-0.04143939675054713,3.302019767827176,38.44415135598238,03-02-2007
-0.04143939675054713,3.302019767827176,38.44415135598238,03-02-2007,-0.07471303714401079,3.3644542338376424,40.46332590289443,04-02-2007
-0.07471303714401079,3.3644542338376424,40.46332590289443,04-02-2007,-0.24349409493368077,2.665993513325883,40.48428806850706,05-02-2007
-0.24349409493368077,2.665993513325883,40.48428806850706,05-02-2007,0.23563399136702498,3.7056037113837417,48.53614121287115,06-02-2007
0.23563399136702498,3.7056037113837417,48.53614121287115,06-02-2007,0.3052958912664035,3.1306755729942544,37.8334898914543,07-02-2007
0.3052958912664035,3.1306755729942544,37.8334898914543,07-02-2007,0.549801915540106,1.9745192772456748,15.540735251088508,08-02-2007
0.549801915540106,1.9745192772456748,15.540735251088508,08-02-2007,0.9482643641408387,0.7902226085979601,7.7379562536383215,09-02-2007
0.9482643641408387,0.7902226085979601,7.7379562536383215,09-02-2007,0.5894679392347162,1.3116165017961183,2.9312935847889476,10-02-2007
0.5894679392347162,1.3116165017961183,2.9312935847889476,10-02-2007,0.6636035667202638,1.1165241721385493,1.8827854291609516,11-02-2007
0.6636035667202638,1.1165241721385493,1.8827854291609516,11-02-2007,0.6214010582670072,1.7444883532688824,5.735029343039668,12-02-2007
0.6214010582670072,1.7444883532688824,5.735029343039668,12-02-2007,0.5861511928594207,1.9267505926032877,11.551356729461956,13-02-2007
0.5861511928594207,1.9267505926032877,11.551356729461956,13-02-2007,0.4593201791458706,2.0044506036603704,14.833300727376697,14-02-2007
0.4593201791458706,2.0044506036603704,14.833300727376697,14-02-2007,0.39334595305417247,2.319794823148949,21.64930568679657,15-02-2007
0.39334595305417247,2.319794823148949,21.64930568679657,15-02-2007,0.18144038670649296,2.9022134698268665,27.84109815949757,16-02-2007
-0.03071447612621098,3.8747231635638464,44.24123533929123,16-02-2007,-0.03071447612621098,3.8747231635638464,44.24123533929123,17-02-2007
1.6684727054736974,1.8606696607231994,38.789528032295934,17-02-2007,1.6684727054736974,1.8606696607231994,38.789528032295934,21-02-2007
-0.14094950724143115,3.5356449990946346,44.54755171579089,21-02-2007,-0.14094950724143115,3.5356449990946346,44.54755171579089,22-02-2007
-0.4587817080665769,3.3385680497700343,52.40735532428613,22-02-2007,-0.4587817080665769,3.3385680497700343,52.40735532428613,26-02-2007
-0.30422687634487705,3.7832093940125855,52.325715065320495,26-02-2007,-0.30422687634487705,3.7832093940125855,52.325715065320495,01-03-2007
1.1459609952162404,1.3930160966934353,15.774507009266351,01-03-2007,1.1459609952162404,1.3930160966934353,15.774507009266351,02-03-2007
1.1210440960495571,1.117811703919033,12.277101351997754,02-03-2007,1.1210440960495571,1.117811703919033,12.277101351997754,03-03-2007
0.9736390457178518,0.9000153521560319,6.087442513256075,03-03-2007,0.9736390457178518,0.9000153521560319,6.087442513256075,04-03-2007
0.8957047235907754,0.6829399082986438,2.050662155489001,04-03-2007,0.8957047235907754,0.6829399082986438,2.050662155489001,05-03-2007
0.851383270136244,1.2721689201564463,6.312489661397446,05-03-2007,0.851383270136244,1.2721689201564463,6.312489661397446,06-03-2007
1.0394425671819068,1.1455769525537671,2.782832197368642,06-03-2007,1.0394425671819068,1.1455769525537671,2.782832197368642,07-03-2007
1.260385866650151,0.8501152423672731,4.385292695243784,07-03-2007,1.260385866650151,0.8501152423672731,4.385292695243784,08-03-2007
0.36369567634591277,2.9261627891205766,24.056340097305302,08-03-2007,0.36369567634591277,2.9261627891205766,24.056340097305302,09-03-2007
0.42238889736958646,3.278061837608319,26.092351502048707,09-03-2007,0.42238889736958646,3.278061837608319,26.092351502048707,13-03-2007
0.7792174645871577,1.2410643785039466,12.900064892965966,13-03-2007,0.7792174645871577,1.2410643785039466,12.900064892965966,14-03-2007
0.6857632359543792,1.305040868344615,15.901641766720894,14-03-2007,0.6857632359543792,1.305040868344615,15.901641766720894,15-03-2007
0.6989555158559156,1.065644972681337,13.90786283232614,15-03-2007,0.6989555158559156,1.065644972681337,13.90786283232614,16-03-2007
0.7126126710214199,0.9572651002599931,10.351911845400641,16-03-2007,0.7126126710214199,0.9572651002599931,10.351911845400641,17-03-2007
0.7138235402906815,0.7255252448264446,6.037860973879356,17-03-2007,0.7138235402906815,0.7255252448264446,6.037860973879356,18-03-2007
0.829302664835187,0.5552917709780018,5.800204617501413,18-03-2007,0.829302664835187,0.5552917709780018,5.800204617501413,19-03-2007
0.825657591850187,1.2310588842905479,11.66989528386455,19-03-2007,0.825657591850187,1.2310588842905479,11.66989528386455,20-03-2007
0.32399789307413057,3.934614857840917,31.08082060742428,20-03-2007,0.32399789307413057,3.934614857840917,31.08082060742428,21-03-2007
0.21287034449630327,3.339720930375378,45.990031601517714,21-03-2007,0.21287034449630327,3.339720930375378,45.990031601517714,22-03-2007
0.8313758176859678,1.229072411219689,10.579560812387065,22-03-2007,0.8313758176859678,1.229072411219689,10.579560812387065,23-03-2007
0.6606109468516831,2.7707933189179994,38.34345797979213,23-03-2007,0.6606109468516831,2.7707933189179994,38.34345797979213,30-03-2007
1.0547791851685513,1.759486972324314,21.520364053103,30-03-2007,1.0547791851685513,1.759486972324314,21.520364053103,31-03-2007
0.8925299762234875,2.126853947866336,28.907424813706815,31-03-2007,0.8925299762234875,2.126853947866336,28.907424813706815,01-04-2007
0.9172354495122341,1.2836758057660793,13.9465954719438,01-04-2007,0.8375322263395025,1.154854484036723,14.72420316139386,02-04-2007
0.8375322263395025,1.154854484036723,14.72420316139386,02-04-2007,0.7575485095021088,1.0698603140756004,12.271014537496164,04-04-2007
0.7575485095021088,1.0698603140756004,12.271014537496164,04-04-2007,0.5784486220319651,0.7198504071776176,7.279034416640439,05-04-2007
0.5784486220319651,0.7198504071776176,7.279034416640439,05-04-2007,1.1847403676212587,0.10790684328073374,17.11381140743229,06-04-2007
1.1847403676212587,0.10790684328073374,17.11381140743229,06-04-2007,1.296530842543253,0.4213579487687493,16.802139528305243,07-04-2007
1.296530842543253,0.4213579487687493,16.802139528305243,07-04-2007,0.9702201399351627,0.3643725460628353,3.9768176423823705,08-04-2007
0.9702201399351627,0.3643725460628353,3.9768176423823705,08-04-2007,0.7689822946637974,0.17744427253107642,6.253986290634049,09-04-2007
0.7689822946637974,0.17744427253107642,6.253986290634049,09-04-2007,0.6621005757904745,0.14987280181791646,2.557225605050111,10-04-2007
0.6621005757904745,0.14987280181791646,2.557225605050111,10-04-2007,1.1130910303657704,2.201349824851985,24.19003090201828,11-04-2007
1.1130910303657704,2.201349824851985,24.19003090201828,11-04-2007,0.9696572084189197,2.324021515200469,13.83448915534063,12-04-2007
0.9696572084189197,2.324021515200469,13.83448915534063,12-04-2007,1.051156479508324,1.4041922678153789,10.20833174107943,13-04-2007
1.051156479508324,1.4041922678153789,10.20833174107943,13-04-2007,1.0000828390457104,1.4305602485842461,9.890638323101294,14-04-2007
1.0000828390457104,1.4305602485842461,9.890638323101294,14-04-2007,0.8628790128033629,1.7665305226349184,16.720757287479074,16-04-2007
0.8628790128033629,1.7665305226349184,16.720757287479074,16-04-2007,0.959966138252632,1.522572843324201,15.170397140900223,20-04-2007
0.959966138252632,1.522572843324201,15.170397140900223,20-04-2007,0.9408991657432101,1.4118198130102022,14.201470674979621,26-04-2007
0.9408991657432101,1.4118198130102022,14.201470674979621,26-04-2007,0.9172354495122341,1.2836758057660793,13.9465954719438,27-04-2007
0.9244403005620919,0.885498195395861,9.4745844759109,27-04-2007,0.9244403005620919,0.885498195395861,9.4745844759109,28-04-2007
0.619995822947545,2.9016168164527283,25.793349006066908,28-04-2007,0.619995822947545,2.9016168164527283,25.793349006066908,29-04-2007
1.0072295968018656,0.9079859489519955,11.260883227230375,29-04-2007,1.0072295968018656,0.9079859489519955,11.260883227230375,30-04-2007
1.8346852135969616,3.31097240973352,8.657233637268575,30-04-2007,1.8346852135969616,3.31097240973352,8.657233637268575,01-05-2007
1.029233649702554,0.41694469380196186,6.5769764373671435,01-05-2007,1.029233649702554,0.41694469380196186,6.5769764373671435,02-05-2007
0.8386816527539789,0.20914583240651108,5.7974774162418,02-05-2007,0.8386816527539789,0.20914583240651108,5.7974774162418,03-05-2007
0.725019055649366,0.23153548854429284,5.366371768447879,03-05-2007,0.725019055649366,0.23153548854429284,5.366371768447879,04-05-2007
0.31123776022655203,1.1365085304310185,3.745945742153028,04-05-2007,0.31123776022655203,1.1365085304310185,3.745945742153028,05-05-2007
0.5505450240154547,1.027975610832392,3.732552078068153,05-05-2007,0.5505450240154547,1.027975610832392,3.732552078068153,06-05-2007
0.4056852660006326,1.4165734855176695,13.44136762564472,06-05-2007,0.4056852660006326,1.4165734855176695,13.44136762564472,07-05-2007
0.3450376010713232,1.8805205237741818,5.746487543448606,07-05-2007,0.3450376010713232,1.8805205237741818,5.746487543448606,08-05-2007
0.43397905017563054,1.6081186984336502,2.4118621003169816,08-05-2007,0.43397905017563054,1.6081186984336502,2.4118621003169816,09-05-2007
0.8061272428724418,0.5728033240390203,7.821069377775585,09-05-2007,0.8061272428724418,0.5728033240390203,7.821069377775585,12-05-2007
0.5019265814127521,0.915939298577476,9.900472758434582,12-05-2007,0.5019265814127521,0.915939298577476,9.900472758434582,13-05-2007
0.7273319780665652,0.6669097296326789,4.415438962058644,13-05-2007,0.7273319780665652,0.6669097296326789,4.415438962058644,14-05-2007
0.6823089665721672,0.6616262774881124,2.7904597920874963,14-05-2007,0.6823089665721672,0.6616262774881124,2.7904597920874963,15-05-2007
0.7581395241766498,0.5238067160178554,2.78792704754086,15-05-2007,0.7581395241766498,0.5238067160178554,2.78792704754086,16-05-2007
0.8015217075016067,0.39028536657604984,1.890296001768145,16-05-2007,0.8015217075016067,0.39028536657604984,1.890296001768145,23-05-2007
0.7503765950249622,0.3829915978640367,2.400704383323585,23-05-2007,0.7503765950249622,0.3829915978640367,2.400704383323585,24-05-2007
0.5309720068619965,0.5807454133544453,5.344182665715222,24-05-2007,0.5309720068619965,0.5807454133544453,5.344182665715222,26-05-2007
0.6802861777258956,0.24297931221916297,10.914210351150865,26-05-2007,0.6802861777258956,0.24297931221916297,10.914210351150865,27-05-2007
0.5864801445032192,0.22632104707268452,2.497182874162684,27-05-2007,0.5864801445032192,0.22632104707268452,2.497182874162684,28-05-2007
0.4880350995316468,0.7646171032262901,12.584320047354094,28-05-2007,0.4880350995316468,0.7646171032262901,12.584320047354094,30-05-2007
0.28643770360769527,1.195834004625957,17.343783163275685,30-05-2007,0.28643770360769527,1.195834004625957,17.343783163275685,31-05-2007
0.4411608909917487,0.9491722797895881,18.95186652551254,31-05-2007,0.4411608909917487,0.9491722797895881,18.95186652551254,01-06-2007
0.5569080053069577,0.9376949668906494,20.46646307392679,01-06-2007,0.5569080053069577,0.9376949668906494,20.46646307392679,02-06-2007
0.49449825177439377,0.8486800661745515,17.94969173444098,02-06-2007,0.49449825177439377,0.8486800661745515,17.94969173444098,05-06-2007
0.6298024863665594,0.5631828959593161,21.820484185262355,05-06-2007,0.6298024863665594,0.5631828959593161,21.820484185262355,07-06-2007
0.3322791901856345,0.5112328716351926,18.211058307099258,07-06-2007,0.3322791901856345,0.5112328716351926,18.211058307099258,08-06-2007
0.21972970211092516,0.9021787616996342,28.07201626629634,08-06-2007,0.21972970211092516,0.9021787616996342,28.07201626629634,09-06-2007
0.4621648355311169,0.8655012602159918,31.456724177538014,09-06-2007,0.4621648355311169,0.8655012602159918,31.456724177538014,11-06-2007
0.6979245659543357,0.780406437435682,27.020687817896594,11-06-2007,0.6979245659543357,0.780406437435682,27.020687817896594,12-06-2007
0.7299869049393664,1.0568164017828081,26.347344082969865,12-06-2007,0.7299869049393664,1.0568164017828081,26.347344082969865,13-06-2007
0.7536718618230622,1.136786128052535,32.68701555019377,13-06-2007,0.7536718618230622,1.136786128052535,32.68701555019377,15-06-2007
0.549057847571948,0.9866747055649525,36.58152566406818,15-06-2007,0.549057847571948,0.9866747055649525,36.58152566406818,16-06-2007
0.3804057499257616,1.3225711141803698,33.29219713257092,16-06-2007,0.3804057499257616,1.3225711141803698,33.29219713257092,17-06-2007
0.3754194201086161,1.0807466895564066,30.432865653835623,17-06-2007,0.3754194201086161,1.0807466895564066,30.432865653835623,18-06-2007
0.18070142916274637,1.3548446668110274,29.44775131924794,18-06-2007,0.18070142916274637,1.3548446668110274,29.44775131924794,21-06-2007
0.07047173464164812,1.5430938782214456,28.928087710521034,21-06-2007,0.07047173464164812,1.5430938782214456,28.928087710521034,22-06-2007
0.9093152887821982,0.43052005524960113,3.1945682207097494,22-06-2007,0.9093152887821982,0.43052005524960113,3.1945682207097494,23-06-2007
0.7757931128821076,0.9755379165584935,13.973459475442349,23-06-2007,0.7757931128821076,0.9755379165584935,13.973459475442349,24-06-2007
1.085188419587442,0.2572355859050304,14.407090951987179,24-06-2007,1.085188419587442,0.2572355859050304,14.407090951987179,25-06-2007
0.9954271304445622,0.24600077296622347,16.93715112134622,25-06-2007,0.9954271304445622,0.24600077296622347,16.93715112134622,26-06-2007
0.6826768108642065,0.47370992829657593,17.767829180355957,26-06-2007,0.6826768108642065,0.47370992829657593,17.767829180355957,27-06-2007
0.7320681506516425,0.5437901905386527,25.5953520631189,27-06-2007,0.7320681506516425,0.5437901905386527,25.5953520631189,28-06-2007
0.6539463392089871,1.035858259588037,3.977511860283914,28-06-2007,0.6539463392089871,1.035858259588037,3.977511860283914,29-06-2007
1.1285907181838861,0.6733278552059918,16.970321955836443,29-06-2007,1.1285907181838861,0.6733278552059918,16.970321955836443,30-06-2007
1.0395316854028993,0.4063729166785055,20.248008326621726,30-06-2007,1.0395316854028993,0.4063729166785055,20.248008326621726,01-07-2007
0.03967914839211565,1.5170371678823988,14.575893781498483,01-07-2007,0.04159834272427475,0.22835863746594903,8.578219306263346,02-07-2007
0.04159834272427475,0.22835863746594903,8.578219306263346,02-07-2007,-0.03590376639197108,0.23213034410551084,5.720312723914281,03-07-2007
-0.03590376639197108,0.23213034410551084,5.720312723914281,03-07-2007,-0.18292936495047618,0.5206495211025393,7.778388436629809,04-07-2007
-0.18292936495047618,0.5206495211025393,7.778388436629809,04-07-2007,-0.4271975683845776,0.3155776957418355,4.301307504605695,05-07-2007
-0.4271975683845776,0.3155776957418355,4.301307504605695,05-07-2007,-0.40251854574381757,0.4344101408022699,4.642181255995633,06-07-2007
-0.40251854574381757,0.4344101408022699,4.642181255995633,06-07-2007,-0.41556007308658743,0.37726462922880954,4.523166985964859,07-07-2007
-0.41556007308658743,0.37726462922880954,4.523166985964859,07-07-2007,-0.2737702552249328,0.5836411249125911,6.946818737671523,08-07-2007
-0.2737702552249328,0.5836411249125911,6.946818737671523,08-07-2007,-0.44383848123815206,0.42367809703486264,4.1647258976413974,09-07-2007
-0.44383848123815206,0.42367809703486264,4.1647258976413974,09-07-2007,-0.6433619177717893,0.3948284866031521,7.702012757121359,10-07-2007
-0.6433619177717893,0.3948284866031521,7.702012757121359,10-07-2007,-0.3262822923764072,0.5363680802494738,6.396144397787978,11-07-2007
-0.3262822923764072,0.5363680802494738,6.396144397787978,11-07-2007,-0.6529356508286598,0.34637002339356115,11.044943257913074,12-07-2007
-0.6529356508286598,0.34637002339356115,11.044943257913074,12-07-2007,-0.6578481285916236,0.44404288552460197,15.454946980617912,13-07-2007
-0.6578481285916236,0.44404288552460197,15.454946980617912,13-07-2007,-0.6311782614577393,0.36357033078437373,6.308808664995287,17-07-2007
-0.6311782614577393,0.36357033078437373,6.308808664995287,17-07-2007,-0.48736637809109723,0.5292618351680484,10.964394028286183,18-07-2007
-0.48736637809109723,0.5292618351680484,10.964394028286183,18-07-2007,-0.3276391484934887,0.7321724198435768,8.856236802729475,19-07-2007
-0.3276391484934887,0.7321724198435768,8.856236802729475,19-07-2007,-0.5667501688155798,0.5103264240426564,7.007165607615564,20-07-2007
-0.5667501688155798,0.5103264240426564,7.007165607615564,20-07-2007,-0.06522571677752727,1.370413821071746,25.823840632010445,21-07-2007
-0.06522571677752727,1.370413821071746,25.823840632010445,21-07-2007,0.14609135312360522,1.4413307654317684,28.249110479996393,22-07-2007
0.14609135312360522,1.4413307654317684,28.249110479996393,22-07-2007,-0.051481199277011454,0.730380907873537,17.034904092788807,23-07-2007
-0.051481199277011454,0.730380907873537,17.034904092788807,23-07-2007,-0.17921693539245873,0.8949751063462342,15.940836014609747,24-07-2007
-0.17921693539245873,0.8949751063462342,15.940836014609747,24-07-2007,-0.15007821649980155,0.6719869204864706,10.235221897274839,25-07-2007
-0.15007821649980155,0.6719869204864706,10.235221897274839,25-07-2007,-0.34147911035865514,0.6236663569348346,3.649152739410777,26-07-2007
-0.34147911035865514,0.6236663569348346,3.649152739410777,26-07-2007,-0.44468279430205804,0.5017768989041813,2.018633969056527,27-07-2007
-0.44468279430205804,0.5017768989041813,2.018633969056527,27-07-2007,-0.3679417220462748,0.6129849493453666,9.99744380160891,28-07-2007
-0.3679417220462748,0.6129849493453666,9.99744380160891,28-07-2007,0.03967914839211565,1.5170371678823988,14.575893781498483,29-07-2007
-0.3080816543968731,0.3477472927025582,2.277714957469049,29-07-2007,-0.3080816543968731,0.3477472927025582,2.277714957469049,30-07-2007
-0.039406738127005014,1.4939931273720093,27.58294675167728,30-07-2007,-0.039406738127005014,1.4939931273720093,27.58294675167728,01-08-2007
-0.11474139220571361,1.5802125534730274,12.13566128637174,01-08-2007,0.6251095217938692,7.156227125267249,8.929127828128987,02-08-2007
0.6251095217938692,7.156227125267249,8.929127828128987,02-08-2007,-0.11488678364506298,0.9095526437191299,4.809854277001468,03-08-2007
-0.11488678364506298,0.9095526437191299,4.809854277001468,03-08-2007,0.42475912238948144,1.9872825322023109,10.68833306054676,04-08-2007
0.42475912238948144,1.9872825322023109,10.68833306054676,04-08-2007,0.24398195798444933,1.7142035419401993,7.714551133136259,05-08-2007
0.24398195798444933,1.7142035419401993,7.714551133136259,05-08-2007,0.1212567217160478,1.117575338538078,5.380869133373774,07-08-2007
0.1212567217160478,1.117575338538078,5.380869133373774,07-08-2007,-0.11566697730285434,0.6305403095516581,6.573482326188236,08-08-2007
-0.11566697730285434,0.6305403095516581,6.573482326188236,08-08-2007,-0.4692228111003402,0.30614125622061816,9.075456653193132,09-08-2007
-0.4692228111003402,0.30614125622061816,9.075456653193132,09-08-2007,-0.8099229109120609,0.26001891639893715,5.547482590900648,10-08-2007
-0.8099229109120609,0.26001891639893715,5.547482590900648,10-08-2007,-0.6311033766574489,0.3205640554293802,5.596114518829906,11-08-2007
-0.6311033766574489,0.3205640554293802,5.596114518829906,11-08-2007,-0.745583678133962,0.2385025388006392,9.87070153530963,12-08-2007
-0.745583678133962,0.2385025388006392,9.87070153530963,12-08-2007,-0.8752572533347768,0.2481743548162203,19.22202569451434,14-08-2007
-0.8752572533347768,0.2481743548162203,19.22202569451434,14-08-2007,-0.936196548263274,0.35695863509950176,23.684125884693376,15-08-2007
-0.936196548263274,0.35695863509950176,23.684125884693376,15-08-2007,-0.921622471146938,0.2555484018753086,14.45692575062114,16-08-2007
-0.921622471146938,0.2555484018753086,14.45692575062114,16-08-2007,-0.8663063805668579,0.26159689099357974,9.80760735582465,17-08-2007
-0.8663063805668579,0.26159689099357974,9.80760735582465,17-08-2007,-0.7025283375087712,0.5008078254169043,3.5944000491211483,18-08-2007
-0.7025283375087712,0.5008078254169043,3.5944000491211483,18-08-2007,-0.3106919840411093,0.7810985688724537,8.69248882213353,19-08-2007
-0.3106919840411093,0.7810985688724537,8.69248882213353,19-08-2007,-0.3863969012205232,3.4920005212457785,28.776906678310432,20-08-2007
-0.3863969012205232,3.4920005212457785,28.776906678310432,20-08-2007,-0.6258747792352298,0.4076059496082145,4.5206780425329365,21-08-2007
-0.6258747792352298,0.4076059496082145,4.5206780425329365,21-08-2007,-0.37447067359114533,0.549592730756478,9.405471486504664,22-08-2007
-0.37447067359114533,0.549592730756478,9.405471486504664,22-08-2007,-0.3366038133631549,0.6665809931109452,10.07597979367971,23-08-2007
-0.3366038133631549,0.6665809931109452,10.07597979367971,23-08-2007,-0.621706836773261,0.3990866673667937,3.299305395887265,24-08-2007
-0.621706836773261,0.3990866673667937,3.299305395887265,24-08-2007,-0.8316937179183591,0.6080137086923124,4.053238257419423,25-08-2007
-0.8316937179183591,0.6080137086923124,4.053238257419423,25-08-2007,-0.821993202556248,0.48900321829343973,8.657121523609339,26-08-2007
-0.821993202556248,0.48900321829343973,8.657121523609339,26-08-2007,-0.7912540277265394,0.28551013706856687,11.703774934392849,27-08-2007
-0.7912540277265394,0.28551013706856687,11.703774934392849,27-08-2007,-0.11474139220571361,1.5802125534730274,12.13566128637174,28-08-2007
-0.6544552212474932,0.2910326683778886,11.495273624507119,28-08-2007,-0.6544552212474932,0.2910326683778886,11.495273624507119,29-08-2007
-0.2906546236448718,1.1713698129466923,12.129005426047756,29-08-2007,-0.2906546236448718,1.1713698129466923,12.129005426047756,30-08-2007
0.5264727827631855,1.9356502055063511,12.335851131910205,30-08-2007,0.5264727827631855,1.9356502055063511,12.335851131910205,31-08-2007
0.5433125417684083,2.708422608841075,10.237144449171844,31-08-2007,0.5433125417684083,2.708422608841075,10.237144449171844,01-09-2007
-0.6241033604182773,0.4815798447879786,15.978499969469958,01-09-2007,-0.2382575795791958,0.5259227213116026,10.329931370865564,02-09-2007
-0.2382575795791958,0.5259227213116026,10.329931370865564,02-09-2007,-0.3730600362501841,0.5829500353885806,8.309370779151948,03-09-2007
-0.3730600362501841,0.5829500353885806,8.309370779151948,03-09-2007,-0.32193144881875574,0.3266034383288936,6.113914852465296,04-09-2007
-0.32193144881875574,0.3266034383288936,6.113914852465296,04-09-2007,0.093453039067395,1.4225909411098445,25.123760890801368,05-09-2007
0.093453039067395,1.4225909411098445,25.123760890801368,05-09-2007,-0.010940527363466556,1.2929189102775154,24.44489842989934,06-09-2007
-0.010940527363466556,1.2929189102775154,24.44489842989934,06-09-2007,-0.048658256806593934,2.532100525429902,39.11588780541692,07-09-2007
-0.048658256806593934,2.532100525429902,39.11588780541692,07-09-2007,0.07985707804186729,3.180020623814562,44.77300448872954,08-09-2007
0.07985707804186729,3.180020623814562,44.77300448872954,08-09-2007,-0.18547640427151268,0.6095999693705166,8.295959830343705,09-09-2007
-0.18547640427151268,0.6095999693705166,8.295959830343705,09-09-2007,-0.21768966563150732,0.4693571742963826,4.38966549540352,10-09-2007
-0.21768966563150732,0.4693571742963826,4.38966549540352,10-09-2007,-0.3620045872694571,0.38050473990981026,7.263877110579528,11-09-2007
-0.3620045872694571,0.38050473990981026,7.263877110579528,11-09-2007,-0.2970076885850056,0.4358537767777288,8.215222992555253,12-09-2007
-0.2970076885850056,0.4358537767777288,8.215222992555253,12-09-2007,0.09980435506559966,2.3149470383212947,27.55406002602912,13-09-2007
0.09980435506559966,2.3149470383212947,27.55406002602912,13-09-2007,-0.28666683276003746,0.7065562623163291,13.96912298070698,14-09-2007
-0.28666683276003746,0.7065562623163291,13.96912298070698,14-09-2007,-0.6078585227884121,0.7196531204635528,12.036238452717404,15-09-2007
-0.6078585227884121,0.7196531204635528,12.036238452717404,15-09-2007,-0.528309549815399,1.0808699854884098,11.52298711330847,16-09-2007
-0.528309549815399,1.0808699854884098,11.52298711330847,16-09-2007,-0.40675629544350084,1.067540807015972,18.55298027384313,18-09-2007
-0.40675629544350084,1.067540807015972,18.55298027384313,18-09-2007,0.1008503372059129,2.5434181712634665,20.650642827075355,20-09-2007
0.1008503372059129,2.5434181712634665,20.650642827075355,20-09-2007,0.5780936475062295,4.7863977900635915,15.57025759934799,21-09-2007
0.5780936475062295,4.7863977900635915,15.57025759934799,21-09-2007,0.1463276931333507,5.670663757707622,24.647079459388838,22-09-2007
0.1463276931333507,5.670663757707622,24.647079459388838,22-09-2007,-0.6293864594803498,0.6509107261281681,20.482556007342346,23-09-2007
-0.6293864594803498,0.6509107261281681,20.482556007342346,23-09-2007,-0.5725769207192015,0.5704848267879687,15.264251049289198,24-09-2007
-0.5725769207192015,0.5704848267879687,15.264251049289198,24-09-2007,-0.2759287881862949,1.2258613906063631,6.9653747091193114,25-09-2007
-0.2759287881862949,1.2258613906063631,6.9653747091193114,25-09-2007,-0.6241033604182773,0.4815798447879786,15.978499969469958,26-09-2007
-0.2600679987569885,0.24639980984678259,4.577694639712255,26-09-2007,-0.2600679987569885,0.24639980984678259,4.577694639712255,27-09-2007
-0.6040142375971186,2.5601302483629134,27.574629751832976,27-09-2007,-0.6040142375971186,2.5601302483629134,27.574629751832976,28-09-2007
-0.31574850993278036,0.5807833626351654,10.264242015061752,28-09-2007,-0.31574850993278036,0.5807833626351654,10.264242015061752,29-09-2007
-0.41796919192948023,0.2514091742075717,4.055201308204505,29-09-2007,-0.41796919192948023,0.2514091742075717,4.055201308204505,30-09-2007
-0.2656524367063528,0.2705422392816751,4.963067432693983,30-09-2007,-0.2656524367063528,0.2705422392816751,4.963067432693983,01-10-2007
-0.2358827991294866,2.509328714752285,25.2094008809625,01-10-2007,-0.03070665506080954,3.8446813309683048,32.4366681652776,02-10-2007
-0.03070665506080954,3.8446813309683048,32.4366681652776,02-10-2007,-0.04195594244452489,2.585555054918384,28.916360638042175,03-10-2007
-0.04195594244452489,2.585555054918384,28.916360638042175,03-10-2007,-0.3862476980356327,1.2080571517848908,21.74922427099826,04-10-2007
-0.3862476980356327,1.2080571517848908,21.74922427099826,04-10-2007,-0.5649155699486711,0.7599335817025628,13.551745567765265,05-10-2007
-0.5649155699486711,0.7599335817025628,13.551745567765265,05-10-2007,-0.28542954239657203,1.5048747116854002,26.508637129339643,06-10-2007
-0.28542954239657203,1.5048747116854002,26.508637129339643,06-10-2007,-0.37434138379892046,1.612031385682504,28.877989421652913,07-10-2007
-0.37434138379892046,1.612031385682504,28.877989421652913,07-10-2007,-0.42744866412446375,1.3988674888549462,25.529328580712114,08-10-2007
-0.42744866412446375,1.3988674888549462,25.529328580712114,08-10-2007,-0.22449111430095509,1.9217268798967675,36.03843560977581,09-10-2007
-0.22449111430095509,1.9217268798967675,36.03843560977581,09-10-2007,-0.4721798935303541,1.9843328590558824,33.974504308763166,10-10-2007
-0.4721798935303541,1.9843328590558824,33.974504308763166,10-10-2007,-0.46321730941640754,1.5946824229097514,28.865762968621517,11-10-2007
-0.46321730941640754,1.5946824229097514,28.865762968621517,11-10-2007,-0.6240468965817303,0.9404324346408106,17.599253576186744,12-10-2007
-0.6240468965817303,0.9404324346408106,17.599253576186744,12-10-2007,-0.15015974314485445,1.839922388661953,33.98470887714698,13-10-2007
-0.15015974314485445,1.839922388661953,33.98470887714698,13-10-2007,0.13774416088089633,3.1307177919719638,46.890396962799784,14-10-2007
0.13774416088089633,3.1307177919719638,46.890396962799784,14-10-2007,-0.28366267855964356,1.8345814680234265,32.51404789943652,15-10-2007
-0.28366267855964356,1.8345814680234265,32.51404789943652,15-10-2007,-0.451746705419787,1.157647900697716,25.46462007805952,16-10-2007
-0.451746705419787,1.157647900697716,25.46462007805952,16-10-2007,-0.4526540133172545,0.9833825814518278,21.35609985915058,17-10-2007
-0.4526540133172545,0.9833825814518278,21.35609985915058,17-10-2007,-0.08468319235124014,1.8317224697778864,36.01565575054836,18-10-2007
-0.08468319235124014,1.8317224697778864,36.01565575054836,18-10-2007,-0.9382947923686052,0.28554086694572567,6.859015578723807,19-10-2007
-0.9382947923686052,0.28554086694572567,6.859015578723807,19-10-2007,-1.01354786538832,0.2830815730371494,10.177104711393719,20-10-2007
-1.01354786538832,0.2830815730371494,10.177104711393719,20-10-2007,-0.5279886917707407,2.494338530325023,22.05459365299873,21-10-2007
-0.5279886917707407,2.494338530325023,22.05459365299873,21-10-2007,-0.7510188257206465,0.7197583564409108,9.465619885757544,22-10-2007
-0.7510188257206465,0.7197583564409108,9.465619885757544,22-10-2007,-0.6506943226051172,0.6265100461596181,9.245169192269085,23-10-2007
-0.6506943226051172,0.6265100461596181,9.245169192269085,23-10-2007,-0.49400738607760836,0.5066587188241831,8.328403721287298,24-10-2007
-0.49400738607760836,0.5066587188241831,8.328403721287298,24-10-2007,-0.4354148643546919,0.5992075875294768,7.375009646533913,25-10-2007
-0.4354148643546919,0.5992075875294768,7.375009646533913,25-10-2007,-0.2809894845213917,1.5897746591832076,12.351474205540974,26-10-2007
-0.2809894845213917,1.5897746591832076,12.351474205540974,26-10-2007,-0.2358827991294866,2.509328714752285,25.2094008809625,27-10-2007
-0.3836656698269926,1.3970504391828968,19.319055517573258,27-10-2007,-0.3836656698269926,1.3970504391828968,19.319055517573258,28-10-2007
-0.8351767280734399,0.5261343043746997,7.10488323345652,28-10-2007,-0.8351767280734399,0.5261343043746997,7.10488323345652,29-10-2007
-0.16658208033903313,2.373917932711526,30.072419323099336,29-10-2007,-0.16658208033903313,2.373917932711526,30.072419323099336,30-10-2007
-0.4540304581948112,0.8336757800859937,17.82751400862945,30-10-2007,-0.4540304581948112,0.8336757800859937,17.82751400862945,31-10-2007
-0.25656782666648237,1.6521838488353942,28.308951257683916,31-10-2007,-0.25656782666648237,1.6521838488353942,28.308951257683916,01-11-2007
0.6775129628352352,4.86609597667583,55.14571045044738,01-11-2007,0.2311444806973965,1.0748783702417632,28.710250188836955,02-11-2007
0.2311444806973965,1.0748783702417632,28.710250188836955,02-11-2007,0.1375936392173349,0.4429268505796845,17.39217382707717,03-11-2007
0.1375936392173349,0.4429268505796845,17.39217382707717,03-11-2007,0.32475629996860766,1.034620219429681,28.46136722057082,04-11-2007
0.32475629996860766,1.034620219429681,28.46136722057082,04-11-2007,0.18839464113270962,0.6680142906752627,24.019080155412578,05-11-2007
0.18839464113270962,0.6680142906752627,24.019080155412578,05-11-2007,-0.07106219325764396,0.5763257661250171,9.823394442558174,06-11-2007
-0.07106219325764396,0.5763257661250171,9.823394442558174,06-11-2007,0.002381737738365032,0.24483914396956175,6.521617346078156,07-11-2007
0.002381737738365032,0.24483914396956175,6.521617346078156,07-11-2007,-0.09921232648381874,0.27438331635611846,5.02878737887688,08-11-2007
-0.09921232648381874,0.27438331635611846,5.02878737887688,08-11-2007,0.3029014020501312,0.46496118249687285,18.154909634217955,09-11-2007
0.3029014020501312,0.46496118249687285,18.154909634217955,09-11-2007,-0.021920188559276993,0.6254692750815539,14.060406447614126,10-11-2007
-0.021920188559276993,0.6254692750815539,14.060406447614126,10-11-2007,0.46937165676741477,0.510980165702273,22.62605178479015,11-11-2007
0.46937165676741477,0.510980165702273,22.62605178479015,11-11-2007,0.5815467156576365,0.3355578688925979,20.98792724027057,12-11-2007
0.5815467156576365,0.3355578688925979,20.98792724027057,12-11-2007,0.3174729686995832,0.3514264205635811,7.73173272183394,16-11-2007
0.3174729686995832,0.3514264205635811,7.73173272183394,16-11-2007,0.15466753706938693,0.35363564924651614,3.9809079269164935,17-11-2007
0.15466753706938693,0.35363564924651614,3.9809079269164935,17-11-2007,0.10109432159198192,0.20116921937033208,3.7029603022764066,18-11-2007
0.10109432159198192,0.20116921937033208,3.7029603022764066,18-11-2007,0.19204889783355586,0.43151835897293656,8.174322832637543,19-11-2007
0.19204889783355586,0.43151835897293656,8.174322832637543,19-11-2007,0.3277610114728873,0.4393526532907748,7.193944797666049,20-11-2007
0.3277610114728873,0.4393526532907748,7.193944797666049,20-11-2007,-0.4956262550630401,1.1990907325496103,22.762421346923503,21-11-2007
-0.4956262550630401,1.1990907325496103,22.762421346923503,21-11-2007,-0.7104368150312184,0.614540125312874,8.849902334083142,22-11-2007
-0.7104368150312184,0.614540125312874,8.849902334083142,22-11-2007,-0.7292119389877181,0.786560303945323,13.405377152872706,23-11-2007
-0.7292119389877181,0.786560303945323,13.405377152872706,23-11-2007,-0.7589821263309832,0.8770404400569037,14.810962227927522,24-11-2007
-0.7589821263309832,0.8770404400569037,14.810962227927522,24-11-2007,-0.539806309802539,0.826115677504548,17.241319673337696,25-11-2007
-0.539806309802539,0.826115677504548,17.241319673337696,25-11-2007,-0.4234411266450461,1.3097878889115768,23.75240284974898,26-11-2007
-0.4234411266450461,1.3097878889115768,23.75240284974898,26-11-2007,0.3044086391841457,3.9736245175302094,36.91536435180658,27-11-2007
0.3044086391841457,3.9736245175302094,36.91536435180658,27-11-2007,0.5014505120701059,3.8593896698870713,39.07985821572778,28-11-2007
0.5014505120701059,3.8593896698870713,39.07985821572778,28-11-2007,0.6775129628352352,4.86609597667583,55.14571045044738,29-11-2007
-0.30232876646414386,1.4218928841618024,29.818688320368516,29-11-2007,-0.30232876646414386,1.4218928841618024,29.818688320368516,30-11-2007
0.709173395078018,2.905202322681586,36.14038717509756,30-11-2007,0.709173395078018,2.905202322681586,36.14038717509756,01-12-2007
0.03362758518674947,0.6576305463252758,14.308580568616604,01-12-2007,0.3709755060700991,0.9858894203312799,13.587744545226295,02-12-2007
0.3709755060700991,0.9858894203312799,13.587744545226295,02-12-2007,0.19964843280748296,2.2270552037125997,28.787023585160807,03-12-2007
0.19964843280748296,2.2270552037125997,28.787023585160807,03-12-2007,0.47412874810009586,1.4831915153735802,18.848206340697985,04-12-2007
0.47412874810009586,1.4831915153735802,18.848206340697985,04-12-2007,0.527175702326254,1.8324399365711448,24.580335087441274,05-12-2007
0.527175702326254,1.8324399365711448,24.580335087441274,05-12-2007,0.4439386601007612,1.9405748617828773,25.585210776469584,06-12-2007
0.4439386601007612,1.9405748617828773,25.585210776469584,06-12-2007,0.5517822342986224,2.65825953983321,28.35714685767836,07-12-2007
0.5517822342986224,2.65825953983321,28.35714685767836,07-12-2007,0.2700503098439551,3.132028239772855,37.817201993554065,08-12-2007
0.2700503098439551,3.132028239772855,37.817201993554065,08-12-2007,0.22606500346694836,2.370224064728445,34.770751250625544,09-12-2007
0.22606500346694836,2.370224064728445,34.770751250625544,09-12-2007,0.2003878765324788,2.023599220424971,25.845417108721172,10-12-2007
0.2003878765324788,2.023599220424971,25.845417108721172,10-12-2007,-0.006163867273600388,2.417907911538348,37.917945435398515,11-12-2007
-0.006163867273600388,2.417907911538348,37.917945435398515,11-12-2007,-0.10315761540501928,2.437078825393625,41.37209106786106,12-12-2007
-0.10315761540501928,2.437078825393625,41.37209106786106,12-12-2007,0.1386062382355142,2.285449723775227,38.88159373017924,13-12-2007
0.1386062382355142,2.285449723775227,38.88159373017924,13-12-2007,0.1271248976244661,2.1275969498431286,30.81903498603743,14-12-2007
0.1271248976244661,2.1275969498431286,30.81903498603743,14-12-2007,0.15529893943060866,1.6182641568735276,23.692242162505803,15-12-2007
0.15529893943060866,1.6182641568735276,23.692242162505803,15-12-2007,0.33644856856847016,1.23638786260579,18.34944262432815,16-12-2007
0.33644856856847016,1.23638786260579,18.34944262432815,16-12-2007,0.3309172688726179,1.277965602979963,19.533600895506765,17-12-2007
0.3309172688726179,1.277965602979963,19.533600895506765,17-12-2007,0.425886438125985,0.4625643949184812,14.529798440225957,18-12-2007
0.425886438125985,0.4625643949184812,14.529798440225957,18-12-2007,0.27849013756456137,0.7016049979012702,7.143259927836292,19-12-2007
0.27849013756456137,0.7016049979012702,7.143259927836292,19-12-2007,0.16835554060568325,0.7930802903079869,17.617197878875853,21-12-2007
0.16835554060568325,0.7930802903079869,17.617197878875853,21-12-2007,0.1385093823951713,0.49017747275521856,10.817658050282708,22-12-2007
0.1385093823951713,0.49017747275521856,10.817658050282708,22-12-2007,0.14233318837467393,0.6809742535816574,2.799038047702399,23-12-2007
0.14233318837467393,0.6809742535816574,2.799038047702399,23-12-2007,0.18679514318365908,0.46272313964659595,3.5739518317109864,24-12-2007
0.18679514318365908,0.46272313964659595,3.5739518317109864,24-12-2007,0.0736575576556572,0.7171515292099655,4.299709533579003,25-12-2007
0.0736575576556572,0.7171515292099655,4.299709533579003,25-12-2007,0.11170713133823806,0.35944970722367353,3.881078647297426,26-12-2007
0.11170713133823806,0.35944970722367353,3.881078647297426,26-12-2007,0.03362758518674947,0.6576305463252758,14.308580568616604,27-12-2007
0.09641067378643323,2.103477570994634,29.64496173888313,27-12-2007,0.09641067378643323,2.103477570994634,29.64496173888313,28-12-2007
0.3354154568830159,0.49000084260006826,14.836099467136153,28-12-2007,0.3354154568830159,0.49000084260006826,14.836099467136153,29-12-2007
0.24711218956193612,1.7115587695746273,25.388534002516266,29-12-2007,0.24711218956193612,1.7115587695746273,25.388534002516266,30-12-2007
0.28890530255842933,1.744060338852457,25.68224088348323,30-12-2007,0.28890530255842933,1.744060338852457,25.68224088348323,31-12-2007
0.17185601854516813,1.6424960717699706,22.04926641637033,31-12-2007,0.17185601854516813,1.6424960717699706,22.04926641637033,10-01-2006
