Station;Start_date;End_date;Variable;Length_minutes;Length_hours;Length_days
901;2005-10-14 18:30:00;2005-10-14 19:00:00;ammonium;30.0;0.5;0.020833333333333332
901;2005-10-27 15:00:00;2005-10-28 11:00:00;ammonium;1200.0;20.0;0.8333333333333334
901;2006-04-05 00:00:00;2006-04-08 11:30:00;ammonium;5010.0;83.5;3.4791666666666665
901;2006-05-21 00:00:00;2006-05-25 00:00:00;ammonium, conductivity;5760.0;96.0;4.0
901;2006-09-15 00:00:00;2006-09-18 00:00:00;ammonium, disolved_oxygen;4320.0;72.0;3.0
901;2006-09-21 20:00:00;2006-09-22 11:00:00;ammonium;900.0;15.0;0.625
901;2006-10-16 18:00:00;2006-10-17 11:00:00;ammonium;1020.0;17.0;0.7083333333333334
901;2006-10-25 11:00:00;2006-10-26 05:00:00;ammonium, conductivity;1080.0;18.0;0.75
901;2006-11-05 16:00:00;2006-11-06 05:00:00;ammonium, conductivity;780.0;13.0;0.5416666666666666
901;2006-11-15 19:30:00;2006-11-16 22:00:00;ammonium, conductivity, pH, dissolved_oxygen;1590.0;26.5;1.1041666666666667
901;2006-12-07 09:45:00;2006-12-07 12:45:00;ammonium, conductivity;180.0;3.0;0.125
901;2007-02-01 17:00:00;2007-02-02 06:30:00;ammonium, conductivity;810.0;13.5;0.5625
901;2007-07-14 06:30:00;2007-07-14 10:15:00;ammonium;225.0;3.75;0.15625
901;2007-08-06 01:15:00;2007-08-06 05:00:00;ammonium;225.0;3.75;0.15625
901;2008-01-13 00:00:00;2008-01-14 00:00:00;conductivity, pH, dissolved_oxygen;1440.0;24.0;1.0
901;2008-02-03 18:00:00;2008-02-04 12:00:00;conductivity, pH, dissolved_oxygen;1080.0;18.0;0.75
901;2008-02-13 00:00:00;2008-02-15 06:00:00;conductivity, pH, dissolved_oxygen;3240.0;54.0;2.25
901;2008-02-17 18:00:00;2008-02-18 12:00:00;conductivity, pH, dissolved_oxygen;1080.0;18.0;0.75
901;2008-02-24 20:00:00;2008-02-26 06:00:00;conductivity, pH, dissolved_oxygen;2040.0;34.0;1.4166666666666667
901;2008-02-29 18:00:00;2008-03-02 00:00:00;conductivity;1800.0;30.0;1.25
901;2008-08-31 07:00:00;2008-09-03 00:00:00;conductivity;3900.0;65.0;2.7083333333333335
901;2009-06-06 05:00:00;2009-06-07 00:00:00;conductivity, pH;1140.0;19.0;0.7916666666666666
901;2009-12-21 20:00:00;2009-12-23 05:00:00;conductivity, water_level, turbidity, dissolved_oxygen, pH, ammonium;1980.0;33.0;1.375
901;2011-02-13 00:00:00;2011-02-17 00:00:00;conductivity;5760.0;96.0;4.0
901;2011-02-15 00:00:00;2011-02-17 12:00:00;ammonium;3600.0;60.0;2.5
901;2011-11-02 18:00:00;2011-11-04 00:00:00;conductivity, dissolved_oxygen;1800.0;30.0;1.25
901;2011-11-13 18:00:00;2011-11-15 06:00:00;conductivity, dissolved_oxygen, pH, ammonium;2160.0;36.0;1.5
901;2011-11-19 20:00:00;2011-11-20 14:00:00;conductivity, dissolved_oxygen, ammonium;1080.0;18.0;0.75
901;2011-11-29 18:00:00;2011-11-30 06:00:00;conductivity, dissolved_oxygen;720.0;12.0;0.5
901;2011-12-01 19:00:00;2011-12-02 06:00:00;conductivity, dissolved_oxygen, ammonium;660.0;11.0;0.4583333333333333
901;2011-12-20 19:00:00;2011-12-21 00:00:00;conductivity, pH, dissolved_oxygen, turbidity, ammonium, water_level;300.0;5.0;0.20833333333333334
901;2012-01-06 14:00:00;2012-01-07 04:00:00;conductivity, water_level, dissolved oxygen, pH, turbidity;840.0;14.0;0.5833333333333334
901;2012-02-06 06:00:00;2012-02-06 12:00:00;conductivity, dissolved_oxygen, ammonium;360.0;6.0;0.25
901;2012-04-15 21:00:00;2012-04-16 02:00:00;conductivity, dissolved_oxygen, ammonium, water_level;300.0;5.0;0.20833333333333334
901;2012-05-14 12:00:00;2012-05-14 18:00:00;conductivity, pH, dissolved_oxygen, ammonium, turbidity;360.0;6.0;0.25
901;2012-09-25 06:00:00;2012-09-28 00:00:00;conductivity, dissolved_oxygen, ammonium;3960.0;66.0;2.75
901;2012-11-28 22:00:00;2012-11-29 09:00:00;dissolved_oxygen, ammonium, turbidity, water_level;660.0;11.0;0.4583333333333333
901;2013-03-05 16:00:00;2013-03-05 20:00:00;ammonium;240.0;4.0;0.16666666666666666
901;2013-03-09 07:00:00;2013-03-09 12:00:00;ammonium;300.0;5.0;0.20833333333333334
901;2014-11-27 20:00:00;2014-11-28 12:00:00;conductivity, dissolved_oxygen, turbidity;960.0;16.0;0.6666666666666666
901;2015-12-14 12:00:00;2015-12-15 10:00:00;conductivity, dissolved_oxygen, pH, ammonium;1320.0;22.0;0.9166666666666666
901;2015-12-19 10:00:00;2015-12-20 10:00:00;conductivity, dissolved_oxygen, pH, ammonium;1440.0;24.0;1.0
901;2016-11-23 20:00:00;2016-11-24 20:45:00;conductivity, ammonium, water_flow, pH, dissolved_oxygen;1485.0;24.75;1.03125
901;2017-05-05 18:00:00;2017-05-06 06:00:00;conductivity, dissolved_oxygen, ammonium;720.0;12.0;0.5
901;2017-05-07 12:00:00;2017-05-08 06:00:00;conductivity, dissolved_oxygen, ammonium;1080.0;18.0;0.75
901;2017-10-15 18:00:00;2017-10-16 12:00:00;conductivity, dissolved_oxygen;1080.0;18.0;0.75
901;2020-11-26 11:00:00;2020-11-27 11:00:00;conductivity, dissolved_oxygen, pH, water_flow;1440.0;24.0;1.0
901;2022-08-23 18:30:00;2022-08-23 20:30:00;ammonium;120.0;2.0;0.08333333333333333
901;2022-11-21 01:00:00;2022-11-21 18:00:00;conductivity;1020.0;17.0;0.7083333333333334
902;2009-06-28 05:00:00;2009-06-30 00:00:00;conductivity, chlorides;2580.0;43.0;1.7916666666666667
902;2012-02-16 18:00:00;2012-02-20 08:00:00;turbidity;5160.0;86.0;3.5833333333333335
902;2012-02-17 18:00:00;2012-02-19 00:00:00;ammonium;1800.0;30.0;1.25
902;2013-11-06 12:00:00;2013-11-07 10:00:00;conductivity, turbidity;1320.0;22.0;0.9166666666666666
902;2015-01-20 18:00:00;2015-01-21 09:00:00;ammonium, turbidity;900.0;15.0;0.625
902;2015-11-23 22:00:00;2015-11-25 08:00:00;conductivity;2040.0;34.0;1.4166666666666667
902;2016-08-17 06:30:00;2016-08-19 10:30:00;ammonium;3120.0;52.0;2.1666666666666665
902;2017-01-12 03:00:00;2017-01-12 10:00:00;conductivity;420.0;7.0;0.2916666666666667
902;2017-11-08 06:00:00;2017-11-09 18:00:00;conductivity;2160.0;36.0;1.5
905;2005-05-30 20:00:00;2005-05-31 15:00:00;ammonium;1140.0;19.0;0.7916666666666666
905;2005-07-26 08:30:00;2005-07-29 16:45:00;conductivity, dissolved_oxygen;4815.0;80.25;3.34375
905;2005-09-07 21:00:00;2005-09-09 05:15:00;ammonium, disolved_oxygen;1935.0;32.25;1.34375
905;2005-10-23 07:45:00;2005-10-23 20:00:00;ammonium, dissolved_oxygen;735.0;12.25;0.5104166666666666
905;2006-09-06 02:45:00;2006-09-14 00:00:00;ammonium;11355.0;189.25;7.885416666666667
905;2006-09-12 00:00:00;2006-09-14 00:00:00;turbidity, conductivity;2880.0;48.0;2.0
905;2007-05-22 13:00:00;2007-05-25 00:00:00;ammonium, disolved_oxygen, turbidity;3540.0;59.0;2.4583333333333335
905;2007-10-16 19:15:00;2007-10-18 21:15:00;ammonium;3000.0;50.0;2.0833333333333335
905;2008-02-19 12:00:00;2008-02-21 00:00:00;ammonium, dissolved_oxygen;2160.0;36.0;1.5
905;2008-08-02 08:30:00;2008-08-03 10:15:00;ammonium;1545.0;25.75;1.0729166666666667
905;2009-06-17 00:00:00;2009-06-17 18:00:00;ammonium;1080.0;18.0;0.75
905;2010-07-12 06:00:00;2010-07-13 00:00:00;dissolved_oxygen, pH, conductivity, turbidity;1080.0;18.0;0.75
905;2011-05-30 03:00:00;2011-05-30 21:00:00;dissolved_oxygen, ammonium, turbidity;1080.0;18.0;0.75
905;2011-08-30 09:30:00;2011-09-03 12:45:00;ammonium, conductivity, turbidity;5955.0;99.25;4.135416666666667
905;2011-11-18 13:30:00;2011-11-23 15:00:00;ammonium, phosphates, turbidity;7290.0;121.5;5.0625
905;2011-12-02 20:00:00;2011-12-03 18:00:00;ammonium, dissolved_oxygen, phosphates, ;1320.0;22.0;0.9166666666666666
905;2011-12-16 00:00:00;2011-12-17 18:00:00;ammonium;2520.0;42.0;1.75
905;2011-12-17 00:00:00;2011-12-17 18:00:00;dissolved_oxygen;1080.0;18.0;0.75
905;2012-01-16 16:00:00;2012-01-21 15:15:00;ammonium;7155.0;119.25;4.96875
905;2012-03-21 14:00:00;2012-03-22 06:00:00;ammonium, phosphates, dissolved_oxygen, absorvance,;960.0;16.0;0.6666666666666666
905;2012-03-25 00:00:00;2012-03-27 00:00:00;ammonium;2880.0;48.0;2.0
905;2012-04-03 00:00:00;2012-04-06 18:00:00;ammonium, disolved_oxygen;5400.0;90.0;3.75
905;2012-04-10 16:00:00;2012-04-10 20:30:00;turbidity;270.0;4.5;0.1875
905;2012-04-10 21:45:00;2012-04-11 14:30:00;ammonium;1005.0;16.75;0.6979166666666666
905;2012-06-19 00:00:00;2012-06-20 18:00:00;ammonium, disolved_oxygen, turbidity, phosphates;2520.0;42.0;1.75
905;2012-10-11 06:00:00;2012-10-12 00:00:00;ammonium, disolved_oxygen;1080.0;18.0;0.75
905;2014-05-21 00:00:00;2014-05-21 18:00:00;ammonium, dissolved_oxygen, pH, turbidity;1080.0;18.0;0.75
905;2014-08-02 00:00:00;2014-08-02 20:00:00;ammonium, dissolved_oxygen;1200.0;20.0;0.8333333333333334
905;2014-08-02 20:00:00;2014-08-04 00:00:00;turbidity;1680.0;28.0;1.1666666666666667
905;2014-11-11 18:00:00;2014-11-12 06:00:00;ammonium, turbidity;720.0;12.0;0.5
905;2015-05-03 06:00:00;2015-05-10 00:00:00;turbidity;9720.0;162.0;6.75
905;2015-05-20 00:00:00;2015-05-20 12:00:00;ammonium;720.0;12.0;0.5
905;2015-12-24 00:00:00;2016-01-05 00:00:00;water_temperature;17280.0;288.0;12.0
905;2015-12-24 06:00:00;2016-01-05 06:00:00;ammonium;17280.0;288.0;12.0
905;2016-07-21 04:00:00;2016-07-22 00:00:00;ammonium, dissolved_oxygen;1200.0;20.0;0.8333333333333334
905;2016-09-08 12:00:00;2016-09-11 00:00:00;ammonium;3600.0;60.0;2.5
905;2016-09-08 12:00:00;2016-09-10 21:00:00;dissolved_oxygen;3420.0;57.0;2.375
905;2016-09-13 00:00:00;2016-09-18 00:00:00;ammonium;7200.0;120.0;5.0
905;2016-09-16 15:30:00;2016-09-19 07:15:00;dissolved_oxygen, ammonium, turbidity;3825.0;63.75;2.65625
905;2016-10-13 12:00:00;2016-10-15 12:00:00;ammonium, dissolved_oxygen;2880.0;48.0;2.0
905;2016-11-06 00:00:00;2016-11-06 14:00:00;ammonium, dissolved_oxygen;840.0;14.0;0.5833333333333334
905;2017-01-12 00:00:00;2017-01-13 00:00:00;ammonium;1440.0;24.0;1.0
905;2017-04-06 06:00:00;2017-04-08 00:00:00;ammonium;2520.0;42.0;1.75
905;2017-04-08 00:00:00;2017-04-15 18:00:00;ammonium;11160.0;186.0;7.75
905;2017-04-21 00:00:00;2017-04-23 00:00:00;ammonium;2880.0;48.0;2.0
905;2017-04-25 00:00:00;2017-04-28 00:00:00;ammonium, dissolved_oxygen;4320.0;72.0;3.0
905;2017-05-17 06:00:00;2017-05-20 18:00:00;dissolved_oxygen;5040.0;84.0;3.5
905;2017-05-18 15:00:00;2017-05-20 00:00:00;ammonium;1980.0;33.0;1.375
905;2017-05-29 06:00:00;2017-06-01 00:00:00;ammonium;3960.0;66.0;2.75
905;2017-06-16 06:00:00;2017-06-17 03:00:00;ammonium, dissolved_oxygen;1260.0;21.0;0.875
905;2017-06-26 06:00:00;2017-06-27 20:00:00;ammonium, dissolved_oxygen, conductivity;2280.0;38.0;1.5833333333333333
905;2017-07-07 06:00:00;2017-07-10 00:00:00;ammonium, dissolved_oxygen;3960.0;66.0;2.75
905;2017-09-23 00:00:00;2017-09-24 00:00:00;ammonium, dissolved_oxygen;1440.0;24.0;1.0
905;2017-09-25 06:00:00;2017-09-28 00:00:00;turbidity;3960.0;66.0;2.75
905;2017-09-28 06:00:00;2017-09-29 03:00:00;ammonium;1260.0;21.0;0.875
905;2017-10-01 06:00:00;2017-10-04 00:00:00;ammonium, dissolved_oxygen;3960.0;66.0;2.75
905;2017-10-07 06:00:00;2017-10-09 00:00:00;ammonium, dissolved_oxygen, nitrates, conductivity;2520.0;42.0;1.75
905;2017-10-15 06:00:00;2017-10-16 03:00:00;ammonium, dissolved_oxygen, turbidity, nitrates, conductivity;1260.0;21.0;0.875
905;2017-10-19 04:00:00;2017-10-20 04:00:00;ammonium, dissolved_oxygen;1440.0;24.0;1.0
905;2017-11-21 00:00:00;2017-11-27 00:00:00;ammonium;8640.0;144.0;6.0
905;2017-11-21 00:00:00;2017-11-22 18:00:00;dissolved_oxygen, phosphates;2520.0;42.0;1.75
905;2017-11-28 18:00:00;2017-11-30 00:00:00;ammonium;1800.0;30.0;1.25
905;2017-12-01 12:00:00;2017-12-03 18:00:00;ammonium;3240.0;54.0;2.25
905;2018-12-13 00:00:00;2018-12-14 12:00:00;ammonium;2160.0;36.0;1.5
905;2019-01-09 00:00:00;2019-01-10 15:00:00;ammonium, water_temperature;2340.0;39.0;1.625
905;2019-01-16 00:00:00;2019-01-18 00:00:00;ammonium, water_temperature;2880.0;48.0;2.0
905;2019-03-15 04:00:00;2019-03-16 12:00:00;ammonium;1920.0;32.0;1.3333333333333333
905;2019-04-01 03:00:00;2019-04-02 00:00:00;ammonium, dissolved_oxygen, pH;1260.0;21.0;0.875
906;2006-05-31 02:00:00;2006-05-31 18:00:00;ammonium;960.0;16.0;0.6666666666666666
906;2012-06-20 10:00:00;2012-06-21 00:00:00;turbidity, water_flow, dissolved_mercury;840.0;14.0;0.5833333333333334
906;2013-06-18 18:00:00;2013-06-25 00:00:00;turbidity;9000.0;150.0;6.25
906;2017-10-26 02:15:00;2017-10-26 19:45:00;ammonium, conductivity;1050.0;17.5;0.7291666666666666
907;2006-04-06 00:45:00;2006-04-10 15:00:00;ammonium;6615.0;110.25;4.59375
907;2006-05-05 00:00:00;2006-05-06 00:00:00;ammonium, dissolved_oxygen, conductivity;1440.0;24.0;1.0
907;2006-09-24 18:15:00;2006-09-26 01:00:00;ammonium, dissolved_oxygen, pH, conductivity;1845.0;30.75;1.28125
907;2006-10-11 05:00:00;2006-10-13 00:00:00;ammonium, conductivity;2580.0;43.0;1.7916666666666667
907;2006-10-19 16:45:00;2006-10-20 11:00:00;ammonium, conductivity;1095.0;18.25;0.7604166666666666
907;2006-10-24 19:30:00;2006-10-25 02:00:00;ammonium, conductivity;390.0;6.5;0.2708333333333333
907;2006-11-05 08:45:00;2006-11-05 16:45:00;ammonium;480.0;8.0;0.3333333333333333
907;2006-11-18 00:00:00;2006-11-19 06:00:00;ammonium, conductivity, pH, dissolved_oxygen;1800.0;30.0;1.25
907;2006-11-22 09:45:00;2006-11-24 05:30:00;ammonium, conductivity, pH, dissolved_oxygen;2625.0;43.75;1.8229166666666667
907;2007-02-01 21:45:00;2007-02-04 14:30:00;ammonium;3885.0;64.75;2.6979166666666665
907;2008-02-19 16:45:00;2008-02-21 13:45:00;conductivity;2700.0;45.0;1.875
907;2008-03-25 12:00:00;2008-03-26 06:00:00;ammonium;1080.0;18.0;0.75
907;2011-04-05 20:00:00;2011-04-06 01:00:00;conductivity;300.0;5.0;0.20833333333333334
907;2011-04-06 18:45:00;2011-04-09 01:30:00;conductivity;3285.0;54.75;2.28125
907;2011-04-12 01:45:00;2011-04-17 03:15:00;conductivity;7290.0;121.5;5.0625
907;2011-05-24 07:15:00;2011-05-28 08:30:00;conductivity;5835.0;97.25;4.052083333333333
907;2011-05-28 10:00:00;2011-05-30 16:15:00;conductivity;3255.0;54.25;2.2604166666666665
907;2011-06-14 11:30:00;2011-06-18 21:15:00;conductivity;6345.0;105.75;4.40625
907;2011-06-22 00:45:00;2011-06-23 23:15:00;conductivity;2790.0;46.5;1.9375
907;2011-06-27 20:30:00;2011-06-29 13:30:00;conductivity;2460.0;41.0;1.7083333333333333
907;2011-06-30 19:30:00;2011-07-02 10:00:00;conductivity;2310.0;38.5;1.6041666666666667
907;2011-07-04 21:45:00;2011-07-07 16:30:00;conductivity;4005.0;66.75;2.78125
907;2011-07-15 02:45:00;2011-07-19 05:15:00;conductivity;5910.0;98.5;4.104166666666667
907;2011-07-26 23:00:00;2011-07-30 11:45:00;conductivity;5085.0;84.75;3.53125
907;2011-08-27 02:15:00;2011-08-31 14:30:00;conductivity;6495.0;108.25;4.510416666666667
907;2011-09-02 20:45:00;2011-09-08 11:15:00;conductivity;8070.0;134.5;5.604166666666667
907;2011-09-16 04:15:00;2011-09-19 22:00:00;conductivity;5385.0;89.75;3.7395833333333335
907;2011-09-20 01:45:00;2011-09-21 17:30:00;conductivity;2385.0;39.75;1.65625
907;2011-09-23 03:30:00;2011-09-26 09:15:00;conductivity;4665.0;77.75;3.2395833333333335
907;2011-09-27 01:00:00;2011-09-30 00:00:00;conductivity;4260.0;71.0;2.9583333333333335
907;2011-10-06 09:00:00;2011-10-10 12:00:00;conductivity;5940.0;99.0;4.125
907;2011-12-13 12:00:00;2011-12-18 18:00:00;conductivity;7560.0;126.0;5.25
907;2012-03-31 02:30:00;2012-04-03 00:00:00;conductivity;4170.0;69.5;2.8958333333333335
907;2012-05-15 09:00:00;2012-05-15 19:00:00;conductivity;600.0;10.0;0.4166666666666667
907;2012-05-17 00:00:00;2012-05-20 08:00:00;conductivity;4800.0;80.0;3.3333333333333335
907;2012-05-31 05:00:00;2012-06-03 00:00:00;conductivity;4020.0;67.0;2.7916666666666665
907;2012-06-05 00:00:00;2012-06-06 19:00:00;conductivity;2580.0;43.0;1.7916666666666667
907;2012-09-06 04:00:00;2012-09-09 00:00:00;conductivity;4080.0;68.0;2.8333333333333335
907;2012-09-11 00:00:00;2012-09-12 00:00:00;conductivity;1440.0;24.0;1.0
907;2014-11-06 00:00:00;2014-11-06 23:45:00;ammonium;1425.0;23.75;0.9895833333333334
907;2014-12-03 10:00:00;2014-12-03 12:00:00;conductivity;120.0;2.0;0.08333333333333333
907;2015-06-09 00:00:00;2015-06-09 19:45:00;ammonium;1185.0;19.75;0.8229166666666666
907;2015-06-27 09:00:00;2015-06-29 00:00:00;ammonium;2340.0;39.0;1.625
910;2007-01-25 15:45:00;2007-01-25 21:00:00;ammonium, turbidity;315.0;5.25;0.21875
910;2007-01-26 05:00:00;2007-01-26 17:30:00;ammonium, turbidity;750.0;12.5;0.5208333333333334
910;2019-10-28 18:15:00;2019-11-05 23:00:00;conductivity;11805.0;196.75;8.197916666666666
910;2020-01-21 11:30:00;2020-01-26 00:00:00;turbidity;6510.0;108.5;4.520833333333333
904;2006-01-16 19:15:00;2006-01-20 02:15:00;ammonium, conductivity;4740.0;79.0;3.2916666666666665
904;2006-01-16 19:30:00;2006-01-20 02:30:00;ammonium, conductivity;4740.0;79.0;3.2916666666666665
904;2006-08-17 19:30:00;2006-08-18 02:45:00;ammonium, turbidity, pH;435.0;7.25;0.3020833333333333
904;2006-08-17 20:45:00;2006-08-18 00:30:00;ammonium, conductivity, turbidity;225.0;3.75;0.15625
904;2007-03-12 13:15:00;2007-03-13 10:00:00;ammonium, conductivity;1245.0;20.75;0.8645833333333334
904;2007-03-15 02:00:00;2007-03-15 09:45:00;ammonium, pH, conductivity;465.0;7.75;0.3229166666666667
904;2007-03-15 02:00:00;2007-03-15 20:45:00;ammonium, conductivity;1125.0;18.75;0.78125
904;2007-07-20 19:15:00;2007-07-21 06:15:00;ammonium, conductivity;660.0;11.0;0.4583333333333333
904;2008-01-25 06:00:00;2008-01-25 18:00:00;pH;720.0;12.0;0.5
904;2008-03-10 15:00:00;2008-03-12 00:00:00;conductivity, ammonium;1980.0;33.0;1.375
904;2008-03-11 06:00:00;2008-03-12 00:00:00;pH;1080.0;18.0;0.75
904;2008-08-06 02:00:00;2008-08-06 18:00:00;pH, conductivity, turbidity;960.0;16.0;0.6666666666666666
904;2008-11-26 23:15:00;2008-11-28 20:00:00;ammonium, water_temperature;2685.0;44.75;1.8645833333333333
904;2008-12-03 02:00:00;2008-12-03 14:00:00;pH;720.0;12.0;0.5
904;2009-01-07 20:00:00;2009-01-08 00:00:00;turbidity, pH;240.0;4.0;0.16666666666666666
904;2009-01-08 03:00:00;2009-01-08 13:45:00;ammonium, water_temperature;645.0;10.75;0.4479166666666667
904;2009-01-12 16:30:00;2009-01-13 09:00:00;pH;990.0;16.5;0.6875
904;2009-01-12 20:00:00;2009-01-20 10:00:00;conductivity;10920.0;182.0;7.583333333333333
904;2009-01-19 22:15:00;2009-01-21 11:45:00;turbidity, water_level;2250.0;37.5;1.5625
904;2009-03-31 06:30:00;2009-03-31 11:30:00;pH;300.0;5.0;0.20833333333333334
904;2009-04-04 06:00:00;2009-04-04 18:00:00;conductivity;720.0;12.0;0.5
904;2009-04-04 07:30:00;2009-04-04 12:00:00;pH;270.0;4.5;0.1875
904;2009-07-10 15:00:00;2009-07-10 20:00:00;pH;300.0;5.0;0.20833333333333334
904;2009-07-10 20:00:00;2009-07-11 06:00:00;conductivity, turbidity;600.0;10.0;0.4166666666666667
904;2009-09-07 20:45:00;2009-09-08 21:45:00;ammonium, turbidity;1500.0;25.0;1.0416666666666667
904;2009-09-27 09:00:00;2009-09-27 20:00:00;pH;660.0;11.0;0.4583333333333333
904;2009-09-27 20:00:00;2009-09-28 00:00:00;turbidity, water_level;240.0;4.0;0.16666666666666666
904;2009-10-06 16:00:00;2009-10-07 07:00:00;pH;900.0;15.0;0.625
904;2010-01-10 01:15:00;2010-01-11 15:00:00;turbidity, conductivity;2265.0;37.75;1.5729166666666667
904;2010-07-30 10:00:00;2010-07-30 21:00:00;pH;660.0;11.0;0.4583333333333333
904;2010-08-26 12:00:00;2010-08-27 06:45:00;ammonium, conductivity, turbidity, water_level;1125.0;18.75;0.78125
904;2010-09-04 06:00:00;2010-09-05 09:00:00;ammonium, pH;1620.0;27.0;1.125
904;2010-10-19 20:00:00;2010-10-20 12:00:00;ammonium;960.0;16.0;0.6666666666666666
904;2010-11-08 20:00:00;2010-11-09 03:00:00;ammonium;420.0;7.0;0.2916666666666667
904;2010-11-08 20:00:00;2010-11-09 23:00:00;turbidity;1620.0;27.0;1.125
904;2010-11-09 00:30:00;2010-11-09 07:30:00;pH;420.0;7.0;0.2916666666666667
904;2010-11-18 19:00:00;2010-11-19 07:00:00;pH;720.0;12.0;0.5
904;2010-11-19 02:45:00;2010-11-19 16:00:00;ammonium;795.0;13.25;0.5520833333333334
904;2011-01-03 16:00:00;2011-01-04 06:00:00;ammonium;840.0;14.0;0.5833333333333334
904;2011-01-26 00:00:00;2011-01-26 12:00:00;ammonium;720.0;12.0;0.5
904;2011-01-28 21:00:00;2011-01-29 18:00:00;ammonium;1260.0;21.0;0.875
904;2011-01-29 18:00:00;2011-01-30 12:00:00;turbidity;1080.0;18.0;0.75
904;2011-02-07 20:00:00;2011-02-12 12:00:00;ammonium;6720.0;112.0;4.666666666666667
904;2011-02-14 05:00:00;2011-02-15 12:30:00;ammonium, turbidity;1890.0;31.5;1.3125
904;2011-03-08 00:00:00;2011-03-09 12:00:00;ammonium, conductivity;2160.0;36.0;1.5
904;2011-03-09 18:00:00;2011-03-11 03:00:00;ammonium;1980.0;33.0;1.375
904;2011-05-03 23:00:00;2011-05-04 16:00:00;ammonium;1020.0;17.0;0.7083333333333334
904;2011-05-19 18:00:00;2011-05-20 12:00:00;turbidity;1080.0;18.0;0.75
904;2011-05-26 12:00:00;2011-05-26 18:00:00;pH;360.0;6.0;0.25
904;2011-08-09 00:00:00;2011-08-09 18:00:00;ammonium;1080.0;18.0;0.75
904;2011-08-16 20:00:00;2011-08-19 09:00:00;ammonium;3660.0;61.0;2.5416666666666665
904;2011-08-22 20:00:00;2011-08-23 06:00:00;turbidity;600.0;10.0;0.4166666666666667
904;2011-08-23 00:00:00;2011-08-24 06:00:00;ammonium;1800.0;30.0;1.25
904;2011-09-08 05:00:00;2011-09-08 18:00:00;ammonium, water_level;780.0;13.0;0.5416666666666666
904;2011-09-21 05:45:00;2011-09-21 18:00:00;ammonium, conductivity;735.0;12.25;0.5104166666666666
904;2011-09-23 05:00:00;2011-09-24 14:00:00;ammonium;1980.0;33.0;1.375
904;2011-09-24 22:00:00;2011-09-27 00:00:00;turbidity;3000.0;50.0;2.0833333333333335
904;2011-10-06 04:45:00;2011-10-06 20:30:00;ammonium, pH;945.0;15.75;0.65625
904;2011-10-22 12:00:00;2011-10-23 09:00:00;ammonium;1260.0;21.0;0.875
904;2011-11-15 12:00:00;2011-11-17 00:00:00;turbidity, water_level;2160.0;36.0;1.5
904;2011-11-21 21:45:00;2011-11-22 12:00:00;ammonium;855.0;14.25;0.59375
904;2011-12-05 20:00:00;2011-12-06 15:00:00;ammonium, conductivity;1140.0;19.0;0.7916666666666666
904;2011-12-19 14:00:00;2011-12-20 12:00:00;pH, turbidity;1320.0;22.0;0.9166666666666666
904;2012-01-03 19:45:00;2012-01-05 03:00:00;ammonium;1875.0;31.25;1.3020833333333333
904;2012-01-24 06:00:00;2012-01-24 18:30:00;ammonium;750.0;12.5;0.5208333333333334
904;2012-01-27 08:00:00;2012-01-27 19:00:00;ammonium;660.0;11.0;0.4583333333333333
904;2012-02-13 23:30:00;2012-02-15 20:00:00;ammonium, pH;2670.0;44.5;1.8541666666666667
904;2012-02-28 03:00:00;2012-02-29 03:00:00;ammonium, conductivity;1440.0;24.0;1.0
904;2012-04-03 21:00:00;2012-04-04 11:00:00;ammonium, turbidity;840.0;14.0;0.5833333333333334
904;2012-04-18 00:00:00;2012-04-18 09:30:00;ammonium, water_level;570.0;9.5;0.3958333333333333
904;2012-07-24 19:30:00;2012-07-25 10:45:00;ammonium;915.0;15.25;0.6354166666666666
904;2012-08-01 19:00:00;2012-08-02 03:00:00;ammonium;480.0;8.0;0.3333333333333333
904;2013-01-04 20:15:00;2013-01-05 06:00:00;ammonium;585.0;9.75;0.40625
904;2013-01-08 13:45:00;2013-01-09 00:00:00;turbidity;615.0;10.25;0.4270833333333333
904;2013-01-08 23:30:00;2013-01-09 10:15:00;ammonium;645.0;10.75;0.4479166666666667
904;2013-04-29 15:00:00;2013-04-29 22:45:00;ammonium;465.0;7.75;0.3229166666666667
904;2015-01-15 01:00:00;2015-01-19 00:15:00;ammonium, dissolved_oxygen, turbidity;5715.0;95.25;3.96875
904;2015-01-30 04:00:00;2015-01-31 06:00:00;turbidity;1560.0;26.0;1.0833333333333333
904;2015-02-04 00:00:00;2015-02-04 10:00:00;ammonium, conductivity;600.0;10.0;0.4166666666666667
904;2015-08-31 00:15:00;2015-09-06 06:15:00;turbidity;9000.0;150.0;6.25
904;2015-09-16 05:15:00;2015-09-17 23:15:00;turbidity;2520.0;42.0;1.75
904;2015-09-21 18:00:00;2015-09-22 06:00:00;ammonium;720.0;12.0;0.5
904;2015-09-28 12:00:00;2015-09-28 19:00:00;turbidity, water_level;420.0;7.0;0.2916666666666667
904;2015-09-29 02:15:00;2015-10-01 15:15:00;ammonium;3660.0;61.0;2.5416666666666665
904;2015-11-02 06:00:00;2015-11-05 00:15:00;turbidity;3975.0;66.25;2.7604166666666665
904;2015-11-28 04:00:00;2015-11-29 19:00:00;ammonium;2340.0;39.0;1.625
904;2016-01-13 13:00:00;2016-01-13 22:00:00;turbidity;540.0;9.0;0.375
904;2016-01-15 02:00:00;2016-01-17 00:00:00;ammonium, water_temperature;2760.0;46.0;1.9166666666666667
904;2016-02-01 10:00:00;2016-02-01 21:00:00;turbidity, conductivity;660.0;11.0;0.4583333333333333
904;2016-02-01 22:00:00;2016-02-02 16:15:00;ammonium, water_temperature;1095.0;18.25;0.7604166666666666
904;2016-02-12 06:00:00;2016-02-13 10:00:00;turbidity;1680.0;28.0;1.1666666666666667
904;2016-02-24 03:30:00;2016-02-24 07:45:00;ammonium, conductivity, water_level;255.0;4.25;0.17708333333333334
904;2016-04-10 22:00:00;2016-04-12 10:45:00;turbidity;2205.0;36.75;1.53125
904;2016-04-26 22:30:00;2016-04-27 14:15:00;ammonium;945.0;15.75;0.65625
904;2016-05-11 09:00:00;2016-05-13 07:00:00;turbidity;2760.0;46.0;1.9166666666666667
904;2016-08-31 23:30:00;2016-09-03 11:30:00;ammonium, conductivity;3600.0;60.0;2.5
904;2016-09-27 01:00:00;2016-09-28 13:15:00;ammonium;2175.0;36.25;1.5104166666666667
904;2016-10-06 18:00:00;2016-10-07 01:00:00;ammonium;420.0;7.0;0.2916666666666667
904;2016-10-13 00:00:00;2016-10-15 16:00:00;ammonium, turbidity;3840.0;64.0;2.6666666666666665
904;2016-10-24 02:45:00;2016-10-27 18:15:00;conductivity, turbidity;5250.0;87.5;3.6458333333333335
904;2016-11-08 03:00:00;2016-11-08 19:00:00;ammonium, water_temperature;960.0;16.0;0.6666666666666666
904;2016-11-11 05:00:00;2016-11-12 06:30:00;ammonium, water_temperature;1530.0;25.5;1.0625
904;2016-11-14 18:00:00;2016-11-16 00:30:00;ammonium, water_temperature;1830.0;30.5;1.2708333333333333
904;2016-11-21 04:45:00;2016-11-25 03:30:00;turbidity;5685.0;94.75;3.9479166666666665
904;2017-01-06 00:00:00;2017-01-06 18:00:00;ammonium, water_temperature;1080.0;18.0;0.75
904;2017-02-05 14:30:00;2017-02-07 02:15:00;turbidity;2145.0;35.75;1.4895833333333333
904;2017-02-13 23:15:00;2017-02-14 20:45:00;turbidity;1290.0;21.5;0.8958333333333334
904;2017-04-17 18:00:00;2017-04-18 04:00:00;ammonium;600.0;10.0;0.4166666666666667
904;2017-05-11 08:30:00;2017-05-12 18:15:00;turbidity, water_level;2025.0;33.75;1.40625
904;2017-05-18 15:00:00;2017-05-20 00:45:00;turbidity;2025.0;33.75;1.40625
904;2017-06-09 03:00:00;2017-06-10 00:30:00;turbidity;1290.0;21.5;0.8958333333333334
904;2017-06-26 14:30:00;2017-06-30 09:30:00;turbidity;5460.0;91.0;3.7916666666666665
904;2017-09-19 21:00:00;2017-09-20 15:45:00;ammonium;1125.0;18.75;0.78125
904;2018-01-07 00:00:00;2018-01-09 00:00:00;turbidity, water_level;2880.0;48.0;2.0
904;2018-01-11 01:15:00;2018-01-11 14:45:00;ammonium;810.0;13.5;0.5625
904;2018-02-12 21:00:00;2018-02-13 12:00:00;ammonium, turbidity, conductivity, water_level;900.0;15.0;0.625
904;2018-03-01 00:00:00;2018-03-06 13:00:00;turbidity, water_level;7980.0;133.0;5.541666666666667
904;2018-03-14 23:00:00;2018-03-15 21:30:00;turbidity;1350.0;22.5;0.9375
904;2018-04-10 18:00:00;2018-04-13 23:15:00;turbidity;4635.0;77.25;3.21875
904;2018-04-28 19:00:00;2018-04-30 15:45:00;turbidity;2685.0;44.75;1.8645833333333333
904;2018-05-07 19:30:00;2018-05-08 15:45:00;turbidity;1215.0;20.25;0.84375
904;2018-05-19 18:15:00;2018-05-22 08:30:00;turbidity;3735.0;62.25;2.59375
904;2018-05-23 21:45:00;2018-05-24 20:45:00;turbidity;1380.0;23.0;0.9583333333333334
904;2018-05-27 16:30:00;2018-05-31 13:15:00;turbidity;5565.0;92.75;3.8645833333333335
904;2018-06-01 14:15:00;2018-06-08 02:45:00;turbidity;9390.0;156.5;6.520833333333333
904;2018-06-09 20:45:00;2018-06-13 04:15:00;turbidity;4770.0;79.5;3.3125
904;2018-06-27 21:30:00;2018-06-29 18:45:00;turbidity;2715.0;45.25;1.8854166666666667
904;2018-07-04 21:45:00;2018-07-05 22:30:00;turbidity;1485.0;24.75;1.03125
904;2018-08-21 21:15:00;2018-08-23 15:30:00;turbidity;2535.0;42.25;1.7604166666666667
904;2018-09-04 14:00:00;2018-09-07 03:15:00;turbidity;3675.0;61.25;2.5520833333333335
904;2018-09-09 14:45:00;2018-09-11 10:00:00;turbidity;2595.0;43.25;1.8020833333333333
904;2018-09-18 21:15:00;2018-09-20 02:30:00;turbidity;1755.0;29.25;1.21875
904;2018-09-19 19:30:00;2018-09-20 22:45:00;turbidity, water_level;1635.0;27.25;1.1354166666666667
904;2018-10-10 00:00:00;2018-10-11 10:45:00;ammonium, turbidity;2085.0;34.75;1.4479166666666667
904;2018-10-14 14:30:00;2018-10-16 21:30:00;conductivity, turbidity;3300.0;55.0;2.2916666666666665
904;2018-10-20 00:15:00;2018-10-21 01:15:00;conductivity, turbidity;1500.0;25.0;1.0416666666666667
904;2018-11-05 20:15:00;2018-11-07 08:30:00;turbidity, water_level;2175.0;36.25;1.5104166666666667
904;2018-12-16 12:45:00;2018-12-17 10:15:00;turbidity, water_level;1290.0;21.5;0.8958333333333334
904;2019-01-31 13:15:00;2019-02-02 14:45:00;conductivity, turbidity;2970.0;49.5;2.0625
904;2019-02-28 17:00:00;2019-03-01 06:00:00;ammonium;780.0;13.0;0.5416666666666666
904;2019-02-28 19:00:00;2019-03-01 01:30:00;ammonium;390.0;6.5;0.2708333333333333
904;2019-04-24 00:00:00;2019-04-25 00:00:00;ammonium, turbidity;1440.0;24.0;1.0
904;2019-05-16 14:30:00;2019-05-18 08:30:00;turbidity;2520.0;42.0;1.75
904;2019-07-08 22:00:00;2019-07-11 02:45:00;turbidity;3165.0;52.75;2.1979166666666665
904;2019-08-20 07:00:00;2019-08-21 14:30:00;turbidity;1890.0;31.5;1.3125
904;2019-08-29 19:00:00;2019-08-30 08:45:00;turbidity;825.0;13.75;0.5729166666666666
904;2019-08-31 18:45:00;2019-09-02 01:45:00;turbidity;1860.0;31.0;1.2916666666666667
904;2019-09-19 21:45:00;2019-09-20 07:15:00;turbidity;570.0;9.5;0.3958333333333333
904;2019-09-27 00:00:00;2019-09-27 07:15:00;ammonium, conductivity;435.0;7.25;0.3020833333333333
904;2019-10-14 21:45:00;2019-10-16 17:30:00;conductivity, turbidity, water_level;2625.0;43.75;1.8229166666666667
904;2019-10-20 07:15:00;2019-10-21 21:00:00;turbidity, water_level;2265.0;37.75;1.5729166666666667
904;2019-10-22 17:15:00;2019-10-24 09:15:00;turbidity, water_level;2400.0;40.0;1.6666666666666667
904;2019-11-27 05:30:00;2019-11-30 13:15:00;turbidity;4785.0;79.75;3.3229166666666665
904;2019-11-02 00:00:00;2019-11-05 14:30:00;turbidity, water_level;5190.0;86.5;3.6041666666666665
904;2019-11-23 21:45:00;2019-11-24 00:00:00;turbidity, water_level;135.0;2.25;0.09375
904;2019-11-30 22:30:00;2019-12-01 19:45:00;turbidity;1275.0;21.25;0.8854166666666666
904;2019-12-17 20:00:00;2019-12-18 14:15:00;turbidity;1095.0;18.25;0.7604166666666666
904;2019-12-20 00:15:00;2019-12-24 00:00:00;turbidity;5745.0;95.75;3.9895833333333335
904;2020-01-26 00:45:00;2020-01-26 23:00:00;turbidity;1335.0;22.25;0.9270833333333334
904;2020-03-02 07:30:00;2020-03-02 22:30:00;turbidity;900.0;15.0;0.625
904;2020-03-05 15:30:00;2020-03-06 07:00:00;turbidity;930.0;15.5;0.6458333333333334
904;2020-03-07 14:45:00;2020-03-08 02:15:00;turbidity;690.0;11.5;0.4791666666666667
904;2020-03-16 06:00:00;2020-03-17 03:00:00;turbidity;1260.0;21.0;0.875
904;2020-04-08 19:45:00;2020-04-10 20:00:00;turbidity, water_level;2895.0;48.25;2.0104166666666665
904;2020-04-13 22:45:00;2020-04-14 09:00:00;conductivity, water_level;615.0;10.25;0.4270833333333333
904;2020-04-17 03:00:00;2020-04-20 11:00:00;turbidity;4800.0;80.0;3.3333333333333335
904;2020-04-22 22:45:00;2020-04-28 23:15:00;turbidity;8670.0;144.5;6.020833333333333
904;2020-05-14 16:45:00;2020-05-15 05:30:00;turbidity;765.0;12.75;0.53125
904;2020-05-15 16:30:00;2020-05-16 04:30:00;turbidity;720.0;12.0;0.5
904;2020-05-25 22:45:00;2020-05-26 10:15:00;turbidity;690.0;11.5;0.4791666666666667
904;2020-05-27 21:45:00;2020-05-28 10:45:00;turbidity;780.0;13.0;0.5416666666666666
904;2020-05-31 21:00:00;2020-06-01 14:45:00;turbidity;1065.0;17.75;0.7395833333333334
904;2020-06-03 01:45:00;2020-06-04 20:45:00;turbidity, water_level;2580.0;43.0;1.7916666666666667
904;2020-06-24 20:30:00;2020-06-27 16:00:00;turbidity, water_level;4050.0;67.5;2.8125
904;2020-07-12 15:00:00;2020-07-14 04:00:00;turbidity, water_level;2220.0;37.0;1.5416666666666667
904;2020-08-11 02:45:00;2020-08-11 19:45:00;turbidity, water_level;1020.0;17.0;0.7083333333333334
904;2020-10-02 12:00:00;2020-10-03 11:15:00;turbidity, water_level;1395.0;23.25;0.96875
904;2021-01-22 06:30:00;2021-01-26 13:00:00;conductivity, turbidity;6150.0;102.5;4.270833333333333
904;2021-04-21 00:00:00;2021-04-22 15:45:00;turbidity. water_level;2385.0;39.75;1.65625
904;2021-04-28 23:45:00;2021-04-30 20:00:00;ammonium, turbidity;2655.0;44.25;1.84375
904;2021-05-09 23:00:00;2021-05-11 02:30:00;conductivity, turbidity, water_level;1650.0;27.5;1.1458333333333333
904;2021-06-11 19:00:00;2021-06-13 01:45:00;turbidity. water_level;1845.0;30.75;1.28125
904;2021-06-17 19:45:00;2021-06-19 01:00:00;turbidity, water_level;1755.0;29.25;1.21875
904;2021-07-20 22:45:00;2021-07-22 05:00:00;turbidity, water_level;1815.0;30.25;1.2604166666666667
904;2021-08-25 15:30:00;2021-08-27 08:45:00;turbidity, water_level;2475.0;41.25;1.71875
904;2021-09-01 16:30:00;2021-09-02 20:15:00;turbidity, water_level;1665.0;27.75;1.15625
904;2021-09-03 10:45:00;2021-09-05 16:30:00;turbidity, water_level;3225.0;53.75;2.2395833333333335
904;2021-09-05 18:15:00;2021-09-06 05:45:00;turbidity, water_level;690.0;11.5;0.4791666666666667
904;2021-09-25 03:15:00;2021-09-27 19:00:00;conductivity, turbidity;3825.0;63.75;2.65625
904;2021-10-03 14:15:00;2021-10-05 16:30:00;ammonium, conductivity, turbidity;3015.0;50.25;2.09375
904;2021-10-30 06:15:00;2021-11-02 13:00:00;turbidity, water_level;4725.0;78.75;3.28125
904;2021-12-06 20:15:00;2021-12-09 06:45:00;turbidity;3510.0;58.5;2.4375
904;2021-12-10 00:15:00;2021-12-12 06:15:00;turbidity;3240.0;54.0;2.25
904;2022-03-11 17:15:00;2022-03-14 06:15:00;conductivity, turbidity;3660.0;61.0;2.5416666666666665
904;2022-04-20 05:30:00;2022-04-21 10:15:00;turbidity;1725.0;28.75;1.1979166666666667
904;2022-04-23 07:30:00;2022-04-25 05:15:00;turbidity;2745.0;45.75;1.90625
904;2022-05-02 16:00:00;2022-05-03 06:45:00;ammonium, turbidity;885.0;14.75;0.6145833333333334
904;2022-06-20 06:30:00;2022-06-23 10:45:00;turbidity;4575.0;76.25;3.1770833333333335
904;2022-06-27 07:00:00;2022-06-29 14:30:00;turbidity;3330.0;55.5;2.3125
904;2022-07-11 18:00:00;2022-07-12 03:30:30;turbidity;570.5;9.508333333333333;0.39618055555555554
904;2022-07-19 10:00:00;2022-07-19 23:45:00;conductivity, turbidity;825.0;13.75;0.5729166666666666
904;2022-07-29 07:15:00;2022-07-30 12:15:00;conductivity, turbidity;1740.0;29.0;1.2083333333333333
904;2022-08-06 04:00:00;2022-08-07 11:15:00;conductivity, turbidity;1875.0;31.25;1.3020833333333333
904;2022-08-24 22:15:00;2022-08-26 17:30:00;turbidity, water_level;2595.0;43.25;1.8020833333333333
904;2022-08-31 15:15:00;2022-09-02 23:15:00;turbidity, water_level;3360.0;56.0;2.3333333333333335
904;2022-09-14 00:15:00;2022-09-15 18:30:00;conductivity, turbidity;2535.0;42.25;1.7604166666666667
904;2022-09-23 21:45:00;2022-09-25 00:00:00;conductivity, turbidity;1575.0;26.25;1.09375
904;2022-10-10 19:00:00;2022-10-12 08:00:00;conductivity, turbidity;2220.0;37.0;1.5416666666666667
904;2022-10-20 02:30:00;2022-10-23 18:15:00;turbidity;5265.0;87.75;3.65625
904;2022-10-24 01:15:00;2022-10-24 14:15:00;turbidity;780.0;13.0;0.5416666666666666
904;2022-11-03 13:30:30;2022-11-05 03:45:00;turbidity, water_level;2294.5;38.24166666666667;1.5934027777777777
904;2022-11-14 11:30:00;2022-11-19 03:30:00;turbidity;6720.0;112.0;4.666666666666667
904;2022-11-21 07:15:00;2022-11-25 21:30:00;turbidity;6615.0;110.25;4.59375
904;2022-12-08 20:45:00;2022-12-10 14:45:00;ammonium, conductivity, turbidity, water level;2520.0;42.0;1.75
904;2022-12-12 14:15:00;2022-12-16 16:30:00;turbidity;5895.0;98.25;4.09375
916;2007-04-19 01:15:00;2007-04-24 18:00:00;ammonium;8205.0;136.75;5.697916666666667
916;2008-12-10 18:00:00;2008-12-11 03:00:00;ammonium, conductivity, water_level, turbidity;540.0;9.0;0.375
916;2009-08-06 04:30:00;2009-08-07 01:45:00;conductivity;1275.0;21.25;0.8854166666666666
916;2009-10-13 06:00:00;2009-10-15 00:00:00;conductivity, water_level, turbidity;2520.0;42.0;1.75
916;2009-10-14 18:00:00;2009-10-15 12:00:00;ammonium;1080.0;18.0;0.75
916;2009-12-17 00:00:00;2009-12-17 19:00:00;ammonium;1140.0;19.0;0.7916666666666666
916;2009-12-23 00:00:00;2009-12-23 08:00:00;ammonium;480.0;8.0;0.3333333333333333
916;2010-06-25 18:00:00;2010-06-26 06:00:00;conductivity, turbidity, water_level;720.0;12.0;0.5
916;2010-06-28 00:00:00;2010-06-28 12:00:00;turbidity;720.0;12.0;0.5
916;2010-06-29 00:00:00;2010-07-01 06:00:00;conductivity, water_level;3240.0;54.0;2.25
916;2010-09-06 08:00:00;2010-09-07 00:00:00;conductivity, water_level, turbidity;960.0;16.0;0.6666666666666666
916;2012-01-10 00:00:00;2012-01-10 12:00:00;conductivity;720.0;12.0;0.5
916;2012-02-28 09:00:00;2012-02-29 05:00:00;ammonium, conductivity, water_level;1200.0;20.0;0.8333333333333334
916;2012-06-01 20:00:00;2012-06-02 02:00:00;ammonium, dissolved_oxygen;360.0;6.0;0.25
916;2013-05-23 06:00:00;2013-05-24 12:00:00;ammonium, water_level;1800.0;30.0;1.25
916;2014-05-19 05:00:00;2014-05-20 00:00:00;conductivity, water_level;1140.0;19.0;0.7916666666666666
916;2014-10-28 20:00:00;2014-10-29 03:00:00;ammonium;420.0;7.0;0.2916666666666667
916;2015-10-13 21:45:00;2015-10-15 06:45:00;conductivity, turbidity;1980.0;33.0;1.375
916;2016-01-26 00:00:00;2016-01-26 10:00:00;ammonium;600.0;10.0;0.4166666666666667
916;2016-04-01 23:00:00;2016-04-02 06:00:00;ammonium;420.0;7.0;0.2916666666666667
916;2016-07-04 21:45:00;2016-07-05 17:00:00;ammonium;1155.0;19.25;0.8020833333333334
916;2016-07-21 08:00:00;2016-07-21 21:00:00;ammonium;780.0;13.0;0.5416666666666666
916;2016-07-31 04:00:00;2016-07-31 20:00:00;ammonium, turbidity, water_level;960.0;16.0;0.6666666666666666
916;2016-08-23 22:30:00;2016-08-24 18:00:00;ammonium;1170.0;19.5;0.8125
916;2016-10-21 05:45:00;2016-10-22 03:30:00;ammonium;1305.0;21.75;0.90625
916;2017-10-10 14:30:00;2017-10-15 00:00:00;conductivity;6330.0;105.5;4.395833333333333
916;2017-10-18 16:15:00;2017-10-21 23:00:00;ammonium. conductivity, turbidity;4725.0;78.75;3.28125
916;2017-10-28 08:00:00;2017-10-31 00:00:00;conductivity;3840.0;64.0;2.6666666666666665
916;2017-11-14 00:00:00;2017-11-14 18:00:00;turbidity, pH, conductivity;1080.0;18.0;0.75
916;2017-11-14 21:45:00;2017-11-16 12:00:00;ammonium, pH, turbidity;2295.0;38.25;1.59375
916;2018-01-07 01:00:00;2018-01-07 12:00:00;ammonium, dissolved_oxygen, turbidity, pH, water_level;660.0;11.0;0.4583333333333333
916;2018-09-05 05:00:00;2018-09-05 12:00:00;conductivity, turbidity, water_level;420.0;7.0;0.2916666666666667
916;2018-10-01 18:00:00;2018-10-02 05:30:00;conductivity;690.0;11.5;0.4791666666666667
916;2019-04-23 21:00:00;2019-04-24 04:45:00;ammonium;465.0;7.75;0.3229166666666667
916;2019-04-23 21:00:00;2019-04-24 04:45:00;ammonium;465.0;7.75;0.3229166666666667
916;2019-06-15 16:15:00;2019-06-15 22:45:00;ammonium;390.0;6.5;0.2708333333333333
916;2019-11-13 18:00:00;2019-11-14 05:30:00;conductivity, water_level;690.0;11.5;0.4791666666666667
916;2020-09-04 00:00:00;2020-09-06 13:15:00;conductivity, water_level;3675.0;61.25;2.5520833333333335
916;2020-09-07 22:00:00;2020-09-10 19:45:00;conductivity;4185.0;69.75;2.90625
916;2021-08-11 16:30:00;2021-08-14 03:00:00;conductivity;3510.0;58.5;2.4375
916;2022-06-13 13:30:00;2022-06-13 20:00:00;ammonium;390.0;6.5;0.2708333333333333
916;2022-06-17 15:45:00;2022-06-18 06:00:00;ammonium;855.0;14.25;0.59375
916;2022-06-19 00:00:00;2022-06-29 11:30:00;ammonium;15090.0;251.5;10.479166666666666
916;2022-07-02 00:00:00;2022-07-03 03:30:00;ammonium;1650.0;27.5;1.1458333333333333
